"","Player","Opp","Pts.","rush_Att","rush_Yds","rush_TD","rush_2Pt","year","week","team"
"1","DeAngelo Williams","Was",28,26,143,2,0,2016,1," Pit"
"2","Spencer Ware","SD",25,11,70,1,0,2016,1," KC"
"3","C.J. Anderson","Car",25,20,92,1,0,2016,1," Den"
"4","Theo Riddick","Ind",22,7,45,1,0,2016,1," Det"
"5","Carlos Hyde","LA",20,23,88,2,0,2016,1," SF"
"6","DeMarco Murray","Min",18,13,42,0,0,2016,1," Ten"
"7","David Johnson","NE",18,16,89,1,0,2016,1," Ari"
"8","Danny Woodhead","KC",17,16,89,0,0,2016,1," SD"
"9","Melvin Gordon","KC",17,14,57,2,0,2016,1," SD"
"10","Ameer Abdullah","Ind",17,12,63,0,0,2016,1," Det"
"11","Jalen Richard","NO",15,3,84,1,0,2016,1," Oak"
"12","Matt Forte","Cin",14,22,96,0,0,2016,1," NYJ"
"13","Ryan Mathews","Cle",13,22,77,1,0,2016,1," Phi"
"14","Isaiah Crowell","Phi",13,12,62,1,0,2016,1," Cle"
"15","T.J. Yeldon","GB",12,21,39,1,0,2016,1," Jax"
"16","Latavius Murray","NO",12,14,59,1,0,2016,1," Oak"
"17","LeSean McCoy","Bal",12,16,58,1,0,2016,1," Buf"
"18","LeGarrette Blount","Ari",12,22,70,1,0,2016,1," NE"
"19","Lamar Miller","Chi",11,28,106,0,0,2016,1," Hou"
"20","Jeremy Langford","Hou",11,17,57,1,0,2016,1," Chi"
"21","Ezekiel Elliott","NYG",11,20,51,1,0,2016,1," Dal"
"22","Tevin Coleman","TB",11,8,22,0,0,2016,1," Atl"
"23","Chris Thompson","Pit",9,4,23,1,0,2016,1," Was"
"24","Charles Sims","Atl",9,4,9,0,0,2016,1," TB"
"25","Doug Martin","Atl",9,18,62,0,0,2016,1," TB"
"26","Jeremy Hill","NYJ",9,9,31,1,0,2016,1," Cin"
"27","Arian Foster","Sea",9,13,38,0,0,2016,1," Mia"
"28","Andy Janovich","Car",8,1,28,1,0,2016,1," Den"
"29","Eddie Lacy","Jax",7,14,61,0,0,2016,1," GB"
"30","Rashad Jennings","Dal",7,18,75,0,0,2016,1," NYG"
"31","Mark Ingram","Oak",7,12,58,0,0,2016,1," NO"
"32","Shaun Draughn","LA",7,7,18,1,0,2016,1," SF"
"33","Travaris Cadet","Oak",7,1,1,0,0,2016,1," NO"
"34","Dwayne Washington","Ind",6,2,1,1,0,2016,1," Det"
"35","Jonathan Stewart","Den",6,15,64,0,0,2016,1," Car"
"36","Jamize Olawale","NO",6,1,2,1,0,2016,1," Oak"
"37","Christine Michael","Mia",6,15,66,0,0,2016,1," Sea"
"38","Frank Gore","Det",6,14,59,0,0,2016,1," Ind"
"39","Shane Vereen","Dal",5,6,38,0,0,2016,1," NYG"
"40","Thomas Rawls","Mia",5,12,32,0,0,2016,1," Sea"
"41","Justin Forsett","Buf",5,10,41,0,0,2016,1," Bal"
"42","James White","Ari",4,1,4,0,0,2016,1," NE"
"43","Bilal Powell","Cin",4,4,41,0,0,2016,1," NYJ"
"44","Duke Johnson","Phi",4,3,22,0,0,2016,1," Cle"
"45","Derrick Henry","Min",4,5,3,0,0,2016,1," Ten"
"46","Todd Gurley","SF",4,17,47,0,0,2016,1," LA"
"47","Devonta Freeman","TB",4,11,20,0,0,2016,1," Atl"
"48","Kenjon Barner","Cle",4,4,42,0,0,2016,1," Phi"
"49","Terrance West","Buf",3,12,32,0,0,2016,1," Bal"
"50","Darren Sproles","Cle",3,5,12,0,0,2016,1," Phi"
"51","Adrian Peterson","Ten",3,19,31,0,0,2016,1," Min"
"52","Alfred Morris","NYG",3,7,35,0,0,2016,1," Dal"
"53","Damien Williams","Sea",2,2,9,0,0,2016,1," Mia"
"54","Charcandrick West","SD",2,3,-1,0,0,2016,1," KC"
"55","DeAndre Washington","NO",2,5,14,0,0,2016,1," Oak"
"56","Kyle Juszczyk","Buf",2,1,2,0,0,2016,1," Bal"
"57","Matt Jones","Pit",2,7,24,0,0,2016,1," Was"
"58","Josh Ferguson","Det",2,1,-2,0,0,2016,1," Ind"
"59","Giovani Bernard","NYJ",2,5,25,0,0,2016,1," Cin"
"60","Fozzy Whittaker","Den",1,3,13,0,0,2016,1," Car"
"61","Robert Turbin","Det",1,1,4,0,0,2016,1," Ind"
"62","C.J. Prosise","Mia",1,1,-2,0,0,2016,1," Sea"
"63","Taiwan Jones","NO",1,1,-8,0,0,2016,1," Oak"
"64","Lance Dunbar","NYG",1,0,0,0,0,2016,1," Dal"
"65","Matt Asiata","Ten",1,4,13,0,0,2016,1," Min"
"66","Fitzgerald Toussaint","Was",0,3,6,0,0,2016,1," Pit"
"67","Mike Tolbert","Den",0,2,6,0,0,2016,1," Car"
"68","James Starks","Jax",0,4,7,0,0,2016,1," GB"
"69","Wendell Smallwood","Cle",0,1,1,0,0,2016,1," Phi"
"70","Jay Prosch","Chi",0,1,2,0,0,2016,1," Hou"
"71","Jerick McKinnon","Ten",0,1,6,0,0,2016,1," Min"
"72","John Kuhn","Oak",0,2,4,0,0,2016,1," NO"
"73","Chris Johnson","NE",0,1,2,0,0,2016,1," Ari"
"74","Tim Hightower","Oak",0,4,9,0,0,2016,1," NO"
"75","Mike Gillislee","Bal",0,0,0,0,0,2016,1," Buf"
"76","Tyler Ervin","Chi",0,1,3,0,0,2016,1," Hou"
"77","Andre Ellington","NE",0,0,0,0,0,2016,1," Ari"
"78","Patrick DiMarco","TB",0,0,0,0,0,2016,1," Atl"
"79","Mike Davis","LA",0,3,1,0,0,2016,1," SF"
"80","Benny Cunningham","SF",0,1,1,0,0,2016,1," LA"
"81","Ka'Deem Carey","Hou",0,1,4,0,0,2016,1," Chi"
"82","Reggie Bush","Bal",0,3,-4,0,0,2016,1," Buf"
"83","Malcolm Brown","SF",0,1,5,0,0,2016,1," LA"
"84","Brandon Bolden","Ari",0,1,4,0,0,2016,1," NE"
"85","Alfred Blue","Chi",0,1,4,0,0,2016,1," Hou"
"86","Kapri Bibbs","Car",0,0,0,0,0,2016,1," Den"
"87","Devontae Booker","Car",-1,3,8,0,0,2016,1," Den"
"88","Matt Forte","Buf",28,30,100,3,0,2016,2," NYJ"
"89","Isaiah Crowell","Bal",20,18,133,1,0,2016,2," Cle"
"90","DeAngelo Williams","Cin",18,32,94,0,0,2016,2," Pit"
"91","LeGarrette Blount","Mia",18,29,123,1,0,2016,2," NE"
"92","Melvin Gordon","Jax",17,24,102,1,0,2016,2," SD"
"93","Giovani Bernard","Pit",16,5,17,0,0,2016,2," Cin"
"94","Latavius Murray","Atl",15,8,57,1,0,2016,2," Oak"
"95","Ryan Mathews","Chi",15,9,32,2,0,2016,2," Phi"
"96","C.J. Anderson","Ind",14,20,74,1,0,2016,2," Den"
"97","DeMarco Murray","Det",13,12,89,0,0,2016,2," Ten"
"98","David Johnson","TB",13,12,45,0,0,2016,2," Ari"
"99","Ezekiel Elliott","Was",13,21,83,1,0,2016,2," Dal"
"100","Fozzy Whittaker","SF",12,16,100,0,0,2016,2," Car"
"101","Matt Jones","Dal",12,13,61,1,0,2016,2," Was"
"102","Tevin Coleman","Oak",12,12,46,1,0,2016,2," Atl"
"103","Chris Johnson","TB",11,16,54,1,0,2016,2," Ari"
"104","Frank Gore","Den",11,13,44,0,0,2016,2," Ind"
"105","Lamar Miller","KC",9,25,83,0,0,2016,2," Hou"
"106","Devonta Freeman","Oak",9,17,93,0,0,2016,2," Atl"
"107","Spencer Ware","Hou",8,10,57,0,0,2016,2," KC"
"108","LeSean McCoy","NYJ",8,15,59,0,0,2016,2," Buf"
"109","Robert Turbin","Den",7,3,10,1,0,2016,2," Ind"
"110","Christine Michael","LA",7,10,60,0,0,2016,2," Sea"
"111","Jeremy Langford","Phi",7,11,28,1,0,2016,2," Chi"
"112","Corey Grant","SD",7,0,0,0,0,2016,2," Jax"
"113","Mike Gillislee","NYJ",7,0,0,0,0,2016,2," Buf"
"114","Kenyan Drake","NE",7,2,12,1,0,2016,2," Mia"
"115","Charcandrick West","Hou",6,6,61,0,0,2016,2," KC"
"116","Alfred Morris","Was",6,5,7,1,0,2016,2," Dal"
"117","Todd Gurley","Sea",6,19,51,0,0,2016,2," LA"
"118","Terrance West","Cle",5,11,42,0,0,2016,2," Bal"
"119","Shane Vereen","NO",5,14,42,0,0,2016,2," NYG"
"120","Chris Thompson","Dal",5,2,1,0,0,2016,2," Was"
"121","Theo Riddick","Ten",5,11,37,0,0,2016,2," Det"
"122","Eddie Lacy","Min",5,12,50,0,0,2016,2," GB"
"123","Duke Johnson","Bal",5,3,12,0,0,2016,2," Cle"
"124","Jeremy Hill","Pit",5,11,22,0,0,2016,2," Cin"
"125","DeAndre Washington","Atl",4,7,46,0,0,2016,2," Oak"
"126","Darren Sproles","Chi",4,12,40,0,0,2016,2," Phi"
"127","Mark Ingram","NYG",4,9,30,0,0,2016,2," NO"
"128","Derrick Henry","Det",4,9,40,0,0,2016,2," Ten"
"129","Devontae Booker","Ind",4,9,46,0,0,2016,2," Den"
"130","T.J. Yeldon","SD",3,7,28,0,0,2016,2," Jax"
"131","Dwayne Washington","Ten",3,4,31,0,0,2016,2," Det"
"132","Jamize Olawale","Atl",3,1,11,0,0,2016,2," Oak"
"133","Rashad Jennings","NO",3,13,27,0,0,2016,2," NYG"
"134","Carlos Hyde","Car",3,14,34,0,0,2016,2," SF"
"135","Justin Forsett","Cle",3,14,37,0,0,2016,2," Bal"
"136","Jay Ajayi","NE",3,5,14,0,0,2016,2," Mia"
"137","Ameer Abdullah","Ten",3,6,38,0,0,2016,2," Det"
"138","Danny Woodhead","Jax",2,3,27,0,0,2016,2," SD"
"139","James White","Mia",2,4,19,0,0,2016,2," NE"
"140","Mike Tolbert","SF",2,9,25,0,0,2016,2," Car"
"141","Charles Sims","Ari",2,9,24,0,0,2016,2," TB"
"142","Jacquizz Rodgers","Ari",2,2,29,0,0,2016,2," TB"
"143","Jalen Richard","Atl",2,6,17,0,0,2016,2," Oak"
"144","Doug Martin","Ari",2,7,23,0,0,2016,2," TB"
"145","Jordan Howard","Phi",2,3,22,0,0,2016,2," Chi"
"146","Josh Ferguson","Den",2,2,7,0,0,2016,2," Ind"
"147","Lance Dunbar","Was",2,3,6,0,0,2016,2," Dal"
"148","Shaun Draughn","Car",2,9,21,0,0,2016,2," SF"
"149","Matt Asiata","GB",2,6,14,0,0,2016,2," Min"
"150","James Starks","Min",1,7,3,0,0,2016,2," GB"
"151","Wendell Smallwood","Chi",1,2,16,0,0,2016,2," Phi"
"152","Thomas Rawls","LA",1,7,-7,0,0,2016,2," Sea"
"153","Adrian Peterson","GB",1,12,19,0,0,2016,2," Min"
"154","Andy Janovich","Ind",1,0,0,0,0,2016,2," Den"
"155","Jonathan Grimes","KC",1,1,8,0,0,2016,2," Hou"
"156","Kenneth Farrow","Jax",1,4,13,0,0,2016,2," SD"
"157","Mike Davis","Car",1,0,0,0,0,2016,2," SF"
"158","Travaris Cadet","NYG",1,0,0,0,0,2016,2," NO"
"159","Alfred Blue","KC",1,5,11,0,0,2016,2," Hou"
"160","Fitzgerald Toussaint","Cin",0,1,4,0,0,2016,2," Pit"
"161","Jonathan Stewart","SF",0,5,9,0,0,2016,2," Car"
"162","Daryl Richardson","Cin",0,1,6,0,0,2016,2," Pit"
"163","Bilal Powell","Buf",0,1,2,0,0,2016,2," NYJ"
"164","Jerick McKinnon","GB",0,2,2,0,0,2016,2," Min"
"165","Paul Lasike","Phi",0,1,2,0,0,2016,2," Chi"
"166","John Kuhn","NYG",0,1,2,0,0,2016,2," NO"
"167","Kyle Juszczyk","Cle",0,0,0,0,0,2016,2," Bal"
"168","Tim Hightower","NYG",0,3,9,0,0,2016,2," NO"
"169","D.J. Foster","Mia",0,1,7,0,0,2016,2," NE"
"170","Arian Foster","NE",0,3,9,0,0,2016,2," Mia"
"171","Andre Ellington","TB",0,1,2,0,0,2016,2," Ari"
"172","Orleans Darkwa","NO",0,1,-1,0,0,2016,2," NYG"
"173","Benny Cunningham","Sea",0,1,2,0,0,2016,2," LA"
"174","Alex Collins","LA",0,2,0,0,0,2016,2," Sea"
"175","Ka'Deem Carey","Phi",0,2,3,0,0,2016,2," Chi"
"176","Kapri Bibbs","Ind",0,1,7,0,0,2016,2," Den"
"177","Kenjon Barner","Chi",0,2,2,0,0,2016,2," Phi"
"178","Devonta Freeman","NO",26,14,152,0,0,2016,3," Atl"
"179","Tevin Coleman","NO",26,12,42,3,0,2016,3," Atl"
"180","Carlos Hyde","Sea",24,21,103,2,1,2016,3," SF"
"181","LeSean McCoy","Ari",23,17,110,2,0,2016,3," Buf"
"182","Christine Michael","SF",22,20,106,2,0,2016,3," Sea"
"183","David Johnson","Buf",22,19,83,2,0,2016,3," Ari"
"184","LeGarrette Blount","Hou",22,24,105,2,0,2016,3," NE"
"185","DeMarco Murray","Oak",21,16,114,1,0,2016,3," Ten"
"186","Jeremy Hill","Den",21,17,97,2,0,2016,3," Cin"
"187","Todd Gurley","TB",20,27,85,2,0,2016,3," LA"
"188","Darren Sproles","Pit",18,2,-1,0,0,2016,3," Phi"
"189","Mark Ingram","Atl",18,15,77,0,1,2016,3," NO"
"190","Charles Sims","LA",17,13,55,1,0,2016,3," TB"
"191","Ezekiel Elliott","Chi",16,30,140,0,0,2016,3," Dal"
"192","Frank Gore","SD",14,21,82,1,0,2016,3," Ind"
"193","Shane Vereen","Was",13,11,67,1,0,2016,3," NYG"
"194","Wendell Smallwood","Pit",13,17,79,1,0,2016,3," Phi"
"195","Melvin Gordon","Ind",13,16,35,1,0,2016,3," SD"
"196","Orleans Darkwa","Was",11,10,53,1,0,2016,3," NYG"
"197","Lamar Miller","NE",10,21,80,0,0,2016,3," Hou"
"198","Eddie Lacy","Det",10,17,103,0,0,2016,3," GB"
"199","Kenjon Barner","Pit",10,8,42,1,0,2016,3," Phi"
"200","Latavius Murray","Ten",9,10,37,1,0,2016,3," Oak"
"201","Damien Williams","Cle",8,1,15,0,0,2016,3," Mia"
"202","Jordan Howard","Dal",8,9,45,0,0,2016,3," Chi"
"203","Jay Ajayi","Cle",8,7,28,1,0,2016,3," Mia"
"204","Alfred Morris","Chi",7,5,19,1,0,2016,3," Dal"
"205","Matt Jones","NYG",7,17,65,0,0,2016,3," Was"
"206","Duke Johnson","Mia",7,10,69,0,0,2016,3," Cle"
"207","Isaiah Crowell","Mia",7,15,79,0,0,2016,3," Cle"
"208","Spencer Ware","NYJ",6,20,75,0,0,2016,3," KC"
"209","Robert Turbin","SD",6,4,9,1,0,2016,3," Ind"
"210","Bilal Powell","KC",6,4,30,0,0,2016,3," NYJ"
"211","Jerick McKinnon","Car",6,16,45,0,1,2016,3," Min"
"212","John Kuhn","Atl",6,1,3,1,0,2016,3," NO"
"213","Matt Forte","KC",6,15,65,0,0,2016,3," NYJ"
"214","Lance Dunbar","Chi",6,1,1,1,0,2016,3," Dal"
"215","Fozzy Whittaker","Min",5,5,22,0,0,2016,3," Car"
"216","DeAndre Washington","Ten",5,6,57,0,0,2016,3," Oak"
"217","Cameron Artis-Payne","Min",5,12,47,0,0,2016,3," Car"
"218","DeAngelo Williams","Phi",4,8,21,0,0,2016,3," Pit"
"219","Terrance West","Jax",4,10,45,0,0,2016,3," Bal"
"220","Jeremy Langford","Dal",4,3,31,0,0,2016,3," Chi"
"221","Derrick Henry","Oak",4,10,45,0,0,2016,3," Ten"
"222","Kenyan Drake","Cle",4,9,37,0,0,2016,3," Mia"
"223","Dwayne Washington","GB",3,10,38,0,0,2016,3," Det"
"224","Theo Riddick","GB",3,10,9,0,0,2016,3," Det"
"225","Jalen Richard","Ten",3,6,28,0,0,2016,3," Oak"
"226","Justin Forsett","Jax",3,7,20,0,0,2016,3," Bal"
"227","Benny Cunningham","TB",3,2,29,0,0,2016,3," LA"
"228","Travaris Cadet","Atl",3,0,0,0,0,2016,3," NO"
"229","Giovani Bernard","Den",3,5,8,0,0,2016,3," Cin"
"230","C.J. Anderson","Cin",3,14,37,0,0,2016,3," Den"
"231","T.J. Yeldon","Bal",2,6,17,0,0,2016,3," Jax"
"232","Chris Thompson","NYG",2,6,23,0,0,2016,3," Was"
"233","Bobby Rainey","Was",2,0,0,0,0,2016,3," NYG"
"234","Mike Gillislee","Ari",2,3,20,0,0,2016,3," Buf"
"235","Josh Ferguson","SD",2,1,2,0,0,2016,3," Ind"
"236","Alex Collins","SF",2,4,12,0,0,2016,3," Sea"
"237","James White","Hou",1,3,12,0,0,2016,3," NE"
"238","Mike Tolbert","Min",1,2,5,0,0,2016,3," Car"
"239","Jacquizz Rodgers","LA",1,5,15,0,0,2016,3," TB"
"240","Isaiah Pead","Cle",1,5,17,0,0,2016,3," Mia"
"241","Terrence Magee","SF",1,3,12,0,0,2016,3," Sea"
"242","Andy Janovich","Cin",1,1,2,0,0,2016,3," Den"
"243","Chris Ivory","Bal",1,12,14,0,0,2016,3," Jax"
"244","Tim Hightower","Atl",1,3,19,0,0,2016,3," NO"
"245","Jonathan Grimes","NE",1,3,4,0,0,2016,3," Hou"
"246","Jalston Fowler","Oak",1,0,0,0,0,2016,3," Ten"
"247","Shaun Draughn","Sea",1,5,10,0,0,2016,3," SF"
"248","Devontae Booker","Cin",1,4,8,0,0,2016,3," Den"
"249","Alfred Blue","NE",1,2,12,0,0,2016,3," Hou"
"250","Matt Asiata","Car",1,6,15,0,0,2016,3," Min"
"251","Jonathan Williams","Ari",0,3,2,0,0,2016,3," Buf"
"252","Charcandrick West","NYJ",0,3,3,0,0,2016,3," KC"
"253","Derek Watt","Ind",0,0,0,0,0,2016,3," SD"
"254","James Starks","Det",0,1,-1,0,0,2016,3," GB"
"255","Anthony Sherman","NYJ",0,0,0,0,0,2016,3," KC"
"256","Daryl Richardson","Phi",0,1,1,0,0,2016,3," Pit"
"257","Jamize Olawale","Ten",0,1,0,0,0,2016,3," Oak"
"258","Dexter McCluster","Ind",0,0,0,0,0,2016,3," SD"
"259","Ryan Mathews","Pit",0,2,-5,0,0,2016,3," Phi"
"260","Rob Kelley","NYG",0,4,7,0,0,2016,3," Was"
"261","Kyle Juszczyk","Jax",0,0,0,0,0,2016,3," Bal"
"262","Chris Johnson","Buf",0,2,5,0,0,2016,3," Ari"
"263","Tyler Ervin","NE",-1,0,0,0,0,2016,3," Hou"
"264","DeMarco Murray","Hou",23,25,95,2,0,2016,4," Ten"
"265","Ezekiel Elliott","SF",20,23,138,1,0,2016,4," Dal"
"266","Isaiah Crowell","Was",20,16,120,1,0,2016,4," Cle"
"267","Matt Jones","Cle",19,22,117,1,0,2016,4," Was"
"268","John Kuhn","SD",18,3,5,2,0,2016,4," NO"
"269","Melvin Gordon","NO",18,19,36,2,0,2016,4," SD"
"270","Terrance West","Oak",17,21,113,1,0,2016,4," Bal"
"271","Le'Veon Bell","KC",17,18,144,0,0,2016,4," Pit"
"272","LeSean McCoy","NE",16,19,70,0,0,2016,4," Buf"
"273","Jerick McKinnon","NYG",15,18,85,1,0,2016,4," Min"
"274","Mark Ingram","SD",15,18,56,1,0,2016,4," NO"
"275","Christine Michael","NYJ",14,18,58,0,0,2016,4," Sea"
"276","Frank Gore","Jax",14,16,68,1,0,2016,4," Ind"
"277","Carlos Hyde","Dal",13,15,74,1,0,2016,4," SF"
"278","Jordan Howard","Det",13,23,111,0,0,2016,4," Chi"
"279","T.J. Yeldon","Ind",11,14,71,0,0,2016,4," Jax"
"280","David Johnson","LA",11,17,83,0,0,2016,4," Ari"
"281","Devonta Freeman","Car",11,13,57,1,0,2016,4," Atl"
"282","Lamar Miller","Ten",10,19,82,0,0,2016,4," Hou"
"283","Orleans Darkwa","Min",10,12,48,1,0,2016,4," NYG"
"284","C.J. Anderson","TB",10,19,49,1,0,2016,4," Den"
"285","Chris Thompson","Cle",9,3,24,0,0,2016,4," Was"
"286","Fozzy Whittaker","Atl",8,3,6,0,0,2016,4," Car"
"287","Spencer Ware","Pit",8,13,82,0,0,2016,4," KC"
"288","C.J. Spiller","NYJ",7,2,12,0,0,2016,4," Sea"
"289","Bilal Powell","Sea",7,4,26,0,0,2016,4," NYJ"
"290","Paul Perkins","Min",7,2,8,0,0,2016,4," NYG"
"291","Jeremy Hill","Mia",7,21,71,0,0,2016,4," Cin"
"292","Todd Gurley","Ari",7,19,33,0,0,2016,4," LA"
"293","Matt Asiata","NYG",7,6,6,1,0,2016,4," Min"
"294","DeAngelo Williams","KC",6,4,7,1,0,2016,4," Pit"
"295","James White","Buf",6,4,12,0,0,2016,4," NE"
"296","Bobby Rainey","Min",6,4,22,0,0,2016,4," NYG"
"297","Duke Johnson","Was",6,8,45,0,0,2016,4," Cle"
"298","Theo Riddick","Chi",5,11,31,0,0,2016,4," Det"
"299","Kyle Juszczyk","Oak",5,0,0,0,0,2016,4," Bal"
"300","LeGarrette Blount","Buf",5,13,54,0,0,2016,4," NE"
"301","Mike Gillislee","NE",4,6,30,0,0,2016,4," Buf"
"302","Jay Ajayi","Cin",4,6,33,0,0,2016,4," Mia"
"303","Zach Zenner","Chi",3,3,12,0,0,2016,4," Det"
"304","DeAndre Washington","Bal",3,5,30,0,0,2016,4," Oak"
"305","Alfred Morris","SF",3,7,34,0,0,2016,4," Dal"
"306","Chris Johnson","LA",3,6,34,0,0,2016,4," Ari"
"307","Matt Forte","Sea",3,14,27,0,0,2016,4," NYJ"
"308","Josh Ferguson","Jax",3,3,-2,0,0,2016,4," Ind"
"309","Devontae Booker","TB",3,7,30,0,0,2016,4," Den"
"310","Giovani Bernard","Mia",3,10,18,0,0,2016,4," Cin"
"311","Jacquizz Rodgers","Den",2,6,25,0,0,2016,4," TB"
"312","Chris Ivory","Ind",2,8,29,0,0,2016,4," Jax"
"313","Tevin Coleman","Car",2,8,19,0,0,2016,4," Atl"
"314","Javorius Allen","Oak",2,3,13,0,0,2016,4," Bal"
"315","Charles Sims","Den",1,15,28,0,0,2016,4," TB"
"316","Jalen Richard","Bal",1,2,15,0,0,2016,4," Oak"
"317","Latavius Murray","Bal",1,8,19,0,0,2016,4," Oak"
"318","Daniel Lasco","SD",1,4,12,0,0,2016,4," NO"
"319","Tim Hightower","SD",1,4,11,0,0,2016,4," NO"
"320","Lance Dunbar","SF",1,1,2,0,0,2016,4," Dal"
"321","Kenyan Drake","Cin",1,2,15,0,0,2016,4," Mia"
"322","Patrick DiMarco","Car",1,0,0,0,0,2016,4," Atl"
"323","Knile Davis","Pit",1,1,-2,0,0,2016,4," KC"
"324","Brandon Bolden","Buf",1,0,0,0,0,2016,4," NE"
"325","Alfred Blue","Ten",1,3,19,0,0,2016,4," Hou"
"326","Kapri Bibbs","TB",1,3,14,0,0,2016,4," Den"
"327","Cameron Artis-Payne","Atl",1,6,12,0,0,2016,4," Car"
"328","Damien Williams","Cin",0,2,9,0,0,2016,4," Mia"
"329","Dwayne Washington","Chi",0,2,6,0,0,2016,4," Det"
"330","Robert Turbin","Jax",0,1,2,0,0,2016,4," Ind"
"331","Mike Tolbert","Atl",0,1,1,0,0,2016,4," Car"
"332","Jay Prosch","Ten",0,1,0,0,0,2016,4," Hou"
"333","Isaiah Pead","Cin",0,3,5,0,0,2016,4," Mia"
"334","Jamize Olawale","Bal",0,1,0,0,0,2016,4," Oak"
"335","Dexter McCluster","NO",0,1,2,0,0,2016,4," SD"
"336","Zach Line","NYG",0,3,6,0,0,2016,4," Min"
"337","Rob Kelley","Cle",0,1,4,0,0,2016,4," Was"
"338","Derrick Henry","Hou",0,3,9,0,0,2016,4," Ten"
"339","Jerome Felton","NE",0,1,2,0,0,2016,4," Buf"
"340","Andre Ellington","LA",0,1,0,0,0,2016,4," Ari"
"341","Shaun Draughn","Dal",0,2,5,0,0,2016,4," SF"
"342","Alex Collins","NYJ",0,1,1,0,0,2016,4," Sea"
"343","Jamaal Charles","Pit",0,2,7,0,0,2016,4," KC"
"344","Joique Bell","Det",0,3,6,0,0,2016,4," Chi"
"345","David Johnson","SF",29,27,157,2,0,2016,5," Ari"
"346","Ezekiel Elliott","Cin",28,15,134,2,0,2016,5," Dal"
"347","Tevin Coleman","Den",22,6,31,0,0,2016,5," Atl"
"348","Jordan Howard","Ind",21,16,118,0,0,2016,5," Chi"
"349","Cameron Artis-Payne","TB",20,18,85,2,0,2016,5," Car"
"350","Theo Riddick","Phi",19,11,49,0,0,2016,5," Det"
"351","Devonta Freeman","Den",17,23,88,1,0,2016,5," Atl"
"352","Carlos Hyde","Ari",16,22,78,1,0,2016,5," SF"
"353","LeSean McCoy","LA",15,18,150,0,0,2016,5," Buf"
"354","Todd Gurley","Buf",15,23,72,1,0,2016,5," LA"
"355","Matt Asiata","Hou",15,14,55,1,0,2016,5," Min"
"356","Le'Veon Bell","NYJ",14,20,66,0,0,2016,5," Pit"
"357","DeMarco Murray","Mia",13,27,121,0,0,2016,5," Ten"
"358","Jacquizz Rodgers","Car",12,30,101,0,0,2016,5," TB"
"359","Ryan Mathews","Det",12,11,42,0,0,2016,5," Phi"
"360","Melvin Gordon","Oak",12,16,69,0,0,2016,5," SD"
"361","Jay Ajayi","Ten",10,13,42,1,0,2016,5," Mia"
"362","Terrance West","Was",9,11,95,0,0,2016,5," Bal"
"363","Jalen Richard","SD",9,8,31,0,0,2016,5," Oak"
"364","LeGarrette Blount","Cle",9,18,37,1,0,2016,5," NE"
"365","Giovani Bernard","Dal",9,9,50,0,0,2016,5," Cin"
"366","James White","Cle",8,5,26,0,0,2016,5," NE"
"367","Jamize Olawale","SD",8,6,22,1,0,2016,5," Oak"
"368","Eddie Lacy","NYG",8,11,81,0,0,2016,5," GB"
"369","Bobby Rainey","GB",7,5,22,0,0,2016,5," NYG"
"370","Frank Gore","Chi",7,14,75,0,0,2016,5," Ind"
"371","Damien Williams","Ten",6,1,3,0,0,2016,5," Mia"
"372","Darren Sproles","Det",6,5,45,0,0,2016,5," Phi"
"373","Mike Gillislee","LA",6,2,6,1,0,2016,5," Buf"
"374","C.J. Anderson","Atl",6,11,41,0,0,2016,5," Den"
"375","Bilal Powell","Pit",5,4,10,0,0,2016,5," NYJ"
"376","Derrick Henry","Mia",5,7,54,0,0,2016,5," Ten"
"377","Matt Forte","Pit",5,12,53,0,0,2016,5," NYJ"
"378","Devontae Booker","Atl",5,6,23,0,0,2016,5," Den"
"379","Fozzy Whittaker","TB",4,5,45,0,0,2016,5," Car"
"380","DeAndre Washington","SD",4,9,23,0,0,2016,5," Oak"
"381","Chris Thompson","Bal",4,2,12,0,0,2016,5," Was"
"382","James Starks","NYG",4,12,33,0,0,2016,5," GB"
"383","Jerick McKinnon","Hou",4,20,36,0,0,2016,5," Min"
"384","Matt Jones","Bal",4,14,31,0,0,2016,5," Was"
"385","Alfred Morris","Cin",3,6,33,0,0,2016,5," Dal"
"386","Isaiah Crowell","NE",3,13,22,0,0,2016,5," Cle"
"387","Alfred Blue","Min",3,6,39,0,0,2016,5," Hou"
"388","Zach Zenner","Phi",2,7,9,0,0,2016,5," Det"
"389","Lamar Miller","Min",2,8,20,0,0,2016,5," Hou"
"390","Kyle Juszczyk","Was",2,0,0,0,0,2016,5," Bal"
"391","Duke Johnson","NE",2,4,1,0,0,2016,5," Cle"
"392","Malcolm Brown","Buf",2,2,2,0,0,2016,5," LA"
"393","Aaron Ripkowski","NYG",1,2,17,0,0,2016,5," GB"
"394","Paul Perkins","GB",1,2,9,0,0,2016,5," NYG"
"395","Rob Kelley","Bal",1,3,18,0,0,2016,5," Was"
"396","Jeremy Hill","Dal",1,4,12,0,0,2016,5," Cin"
"397","D.J. Foster","Cle",1,6,17,0,0,2016,5," NE"
"398","Josh Ferguson","Chi",1,1,3,0,0,2016,5," Ind"
"399","Andre Ellington","SF",1,6,19,0,0,2016,5," Ari"
"400","Kenyan Drake","Ten",1,2,4,0,0,2016,5," Mia"
"401","Patrick DiMarco","Den",1,0,0,0,0,2016,5," Atl"
"402","Orleans Darkwa","GB",1,7,11,0,0,2016,5," NYG"
"403","Ka'Deem Carey","Ind",1,1,2,0,0,2016,5," Chi"
"404","Javorius Allen","Was",1,4,18,0,0,2016,5," Bal"
"405","DeAngelo Williams","NYJ",0,1,0,0,0,2016,5," Pit"
"406","Derek Watt","Oak",0,1,2,0,0,2016,5," SD"
"407","Mike Tolbert","TB",0,1,2,0,0,2016,5," Car"
"408","Stepfan Taylor","SF",0,2,-2,0,0,2016,5," Ari"
"409","Rod Smith","Cin",0,0,0,0,0,2016,5," Dal"
"410","Dexter McCluster","Oak",0,1,1,0,0,2016,5," SD"
"411","Andy Janovich","Atl",0,1,2,0,0,2016,5," Den"
"412","Jerome Felton","LA",0,1,6,0,0,2016,5," Buf"
"413","Shaun Draughn","Ari",0,2,-1,0,0,2016,5," SF"
"414","Kenneth Dixon","Was",0,3,-1,0,0,2016,5," Bal"
"415","Mike Davis","Ari",0,2,4,0,0,2016,5," SF"
"416","Reggie Bush","LA",0,1,3,0,0,2016,5," Buf"
"417","Peyton Barber","Car",0,3,6,0,0,2016,5," TB"
"418","LeSean McCoy","SF",32,19,140,3,0,2016,6," Buf"
"419","Jay Ajayi","Pit",32,25,204,2,0,2016,6," Mia"
"420","David Johnson","NYJ",31,22,111,3,0,2016,6," Ari"
"421","Lamar Miller","Ind",28,24,149,1,0,2016,6," Hou"
"422","Terrance West","NYG",23,23,87,2,0,2016,6," Bal"
"423","Spencer Ware","Oak",22,24,131,1,0,2016,6," KC"
"424","Jonathan Stewart","NO",20,19,85,2,0,2016,6," Car"
"425","Christine Michael","Atl",19,18,64,2,0,2016,6," Sea"
"426","Matt Jones","Phi",19,16,135,1,0,2016,6," Was"
"427","James White","Cin",17,7,19,0,0,2016,6," NE"
"428","Ezekiel Elliott","GB",16,28,157,0,0,2016,6," Dal"
"429","LeGarrette Blount","Cin",13,13,50,1,0,2016,6," NE"
"430","DeMarco Murray","Cle",12,21,65,1,0,2016,6," Ten"
"431","Duke Johnson","Ten",12,4,18,1,0,2016,6," Cle"
"432","Mike Gillislee","SF",12,6,61,1,0,2016,6," Buf"
"433","Le'Veon Bell","Mia",12,10,53,0,0,2016,6," Pit"
"434","Frank Gore","Hou",10,22,106,0,0,2016,6," Ind"
"435","Jamaal Charles","Oak",10,9,33,1,0,2016,6," KC"
"436","Chris Ivory","Chi",9,11,32,1,0,2016,6," Jax"
"437","Jordan Howard","Jax",9,15,34,1,0,2016,6," Chi"
"438","Melvin Gordon","Den",9,27,94,0,0,2016,6," SD"
"439","Todd Gurley","Det",8,14,58,0,0,2016,6," LA"
"440","MarQueis Gray","Pit",8,0,0,0,0,2016,6," Mia"
"441","Giovani Bernard","NE",8,15,49,0,0,2016,6," Cin"
"442","Damien Williams","Pit",7,6,12,1,0,2016,6," Mia"
"443","Zach Zenner","LA",6,14,58,0,0,2016,6," Det"
"444","Ryan Mathews","Was",6,9,60,0,0,2016,6," Phi"
"445","Eddie Lacy","Dal",6,17,65,0,0,2016,6," GB"
"446","Alex Collins","Atl",6,1,2,1,0,2016,6," Sea"
"447","C.J. Anderson","SD",6,10,37,0,0,2016,6," Den"
"448","Chris Thompson","Phi",5,9,37,0,0,2016,6," Was"
"449","Rob Kelley","Phi",5,5,59,0,0,2016,6," Was"
"450","Mark Ingram","Car",5,16,51,0,0,2016,6," NO"
"451","Carlos Hyde","Buf",5,14,52,0,0,2016,6," SF"
"452","Devonta Freeman","Sea",5,12,40,0,0,2016,6," Atl"
"453","Ka'Deem Carey","Jax",5,9,50,0,0,2016,6," Chi"
"454","DeAndre Washington","KC",4,10,49,0,0,2016,6," Oak"
"455","Devontae Booker","SD",4,5,46,0,0,2016,6," Den"
"456","C.J. Spiller","Atl",3,1,-3,0,0,2016,6," Sea"
"457","Rashad Jennings","Bal",3,9,15,0,0,2016,6," NYG"
"458","Jeremy Hill","NE",3,13,38,0,0,2016,6," Cin"
"459","Isaiah Crowell","Ten",3,9,16,0,0,2016,6," Cle"
"460","T.J. Yeldon","Chi",2,6,21,0,0,2016,6," Jax"
"461","Robert Turbin","Hou",2,3,2,0,0,2016,6," Ind"
"462","Darren Sproles","Was",2,4,20,0,0,2016,6," Phi"
"463","Bobby Rainey","Bal",2,6,13,0,0,2016,6," NYG"
"464","Bilal Powell","Ari",2,3,10,0,0,2016,6," NYJ"
"465","Paul Perkins","Bal",2,2,10,0,0,2016,6," NYG"
"466","Kyle Juszczyk","NYG",2,0,0,0,0,2016,6," Bal"
"467","Derrick Henry","Cle",2,2,7,0,0,2016,6," Ten"
"468","Andre Ellington","NYJ",2,5,25,0,0,2016,6," Ari"
"469","Travaris Cadet","Car",2,1,3,0,0,2016,6," NO"
"470","Jonathan Williams","SF",1,5,21,0,0,2016,6," Buf"
"471","DeAngelo Williams","Mia",1,3,10,0,0,2016,6," Pit"
"472","Charcandrick West","Oak",1,3,19,0,0,2016,6," KC"
"473","Mike Tolbert","NO",1,3,12,0,0,2016,6," Car"
"474","De'Anthony Thomas","Oak",1,0,0,0,0,2016,6," KC"
"475","Stepfan Taylor","NYJ",1,2,14,0,0,2016,6," Ari"
"476","Wendell Smallwood","Was",1,4,6,0,0,2016,6," Phi"
"477","Dexter McCluster","Den",1,0,0,0,0,2016,6," SD"
"478","Arian Foster","Pit",1,3,3,0,0,2016,6," Mia"
"479","Matt Forte","Ari",1,9,19,0,0,2016,6," NYJ"
"480","Kenneth Dixon","NYG",1,2,11,0,0,2016,6," Bal"
"481","Mike Davis","Buf",1,5,13,0,0,2016,6," SF"
"482","Benny Cunningham","Det",1,2,9,0,0,2016,6," LA"
"483","Tevin Coleman","Sea",1,5,10,0,0,2016,6," Atl"
"484","Rex Burkhead","NE",1,2,16,0,0,2016,6," Cin"
"485","Alfred Blue","Ind",1,2,13,0,0,2016,6," Hou"
"486","Fozzy Whittaker","NO",0,1,-1,0,0,2016,6," Car"
"487","Derek Watt","Den",0,0,0,0,0,2016,6," SD"
"488","Aaron Ripkowski","Dal",0,1,0,0,0,2016,6," GB"
"489","Jalen Richard","KC",0,4,7,0,0,2016,6," Oak"
"490","Alfred Morris","GB",0,3,2,0,0,2016,6," Dal"
"491","Paul Lasike","Jax",0,1,1,0,0,2016,6," Chi"
"492","Daniel Lasco","Car",0,2,5,0,0,2016,6," NO"
"493","Justin Forsett","LA",0,5,5,0,0,2016,6," Det"
"494","Kenneth Farrow","Den",0,2,5,0,0,2016,6," SD"
"495","Tyler Ervin","Ind",0,0,0,0,0,2016,6," Hou"
"496","Shaun Draughn","Buf",0,1,2,0,0,2016,6," SF"
"497","Patrick DiMarco","Sea",0,0,0,0,0,2016,6," Atl"
"498","Reggie Bush","SF",0,2,6,0,0,2016,6," Buf"
"499","Kenjon Barner","Was",0,2,6,0,0,2016,6," Phi"
"500","Melvin Gordon","Atl",29,22,68,2,0,2016,7," SD"
"501","Jay Ajayi","Buf",27,28,214,1,0,2016,7," Mia"
"502","Matt Forte","Bal",26,30,100,1,0,2016,7," NYJ"
"503","Jeremy Hill","Cle",24,9,168,1,0,2016,7," Cin"
"504","LeGarrette Blount","Pit",24,24,127,2,0,2016,7," NE"
"505","Spencer Ware","NO",18,17,77,0,0,2016,7," KC"
"506","DeMarco Murray","Ind",18,25,107,1,0,2016,7," Ten"
"507","Latavius Murray","Jax",17,18,59,2,0,2016,7," Oak"
"508","David Johnson","Sea",16,33,113,0,0,2016,7," Ari"
"509","C.J. Anderson","Hou",16,16,107,1,0,2016,7," Den"
"510","Jacquizz Rodgers","SF",15,26,154,0,0,2016,7," TB"
"511","Frank Gore","Ten",14,17,61,0,0,2016,7," Ind"
"512","Devontae Booker","Hou",14,17,83,1,0,2016,7," Den"
"513","Giovani Bernard","Cle",14,17,80,1,0,2016,7," Cin"
"514","Le'Veon Bell","NE",14,21,81,0,0,2016,7," Pit"
"515","Peyton Barber","SF",14,12,84,1,0,2016,7," TB"
"516","Mark Ingram","KC",13,16,62,0,0,2016,7," NO"
"517","Isaiah Crowell","Cin",13,12,63,1,0,2016,7," Cle"
"518","Tevin Coleman","SD",13,8,64,1,0,2016,7," Atl"
"519","Chris Thompson","Det",11,12,73,0,0,2016,7," Was"
"520","Rashad Jennings","LA",10,13,25,1,0,2016,7," NYG"
"521","Shaun Draughn","TB",10,1,16,0,0,2016,7," SF"
"522","James White","Pit",9,0,0,0,0,2016,7," NE"
"523","Devonta Freeman","SD",9,15,58,0,0,2016,7," Atl"
"524","Reggie Bush","Mia",9,1,1,1,0,2016,7," Buf"
"525","Zach Zenner","Was",8,9,29,1,0,2016,7," Det"
"526","Todd Gurley","NYG",8,15,57,0,0,2016,7," LA"
"527","Mike Davis","TB",8,7,21,1,0,2016,7," SF"
"528","Damien Williams","Buf",7,4,16,1,0,2016,7," Mia"
"529","Rob Kelley","Det",7,4,15,0,0,2016,7," Was"
"530","Matt Asiata","Phi",7,12,55,0,0,2016,7," Min"
"531","Lamar Miller","Den",6,11,61,0,0,2016,7," Hou"
"532","Ryan Mathews","Min",6,14,56,0,0,2016,7," Phi"
"533","Christine Michael","Ari",5,16,52,0,0,2016,7," Sea"
"534","Alfred Blue","Den",5,11,63,0,0,2016,7," Hou"
"535","Darren Sproles","Min",4,3,26,0,0,2016,7," Phi"
"536","Antone Smith","SF",4,1,6,0,0,2016,7," TB"
"537","Jerick McKinnon","Phi",4,11,43,0,0,2016,7," Min"
"538","Chris Ivory","Oak",4,5,48,0,0,2016,7," Jax"
"539","DuJuan Harris","TB",4,11,39,0,0,2016,7," SF"
"540","Justin Forsett","Was",4,8,33,0,0,2016,7," Det"
"541","Ka'Deem Carey","GB",4,10,48,0,0,2016,7," Chi"
"542","Tim Hightower","KC",3,5,39,0,0,2016,7," NO"
"543","Rex Burkhead","Cle",3,4,23,0,0,2016,7," Cin"
"544","T.J. Yeldon","Oak",2,6,24,0,0,2016,7," Jax"
"545","Duke Johnson","Cin",2,6,15,0,0,2016,7," Cle"
"546","Jordan Howard","GB",2,7,22,0,0,2016,7," Chi"
"547","Mike Gillislee","Mia",2,5,20,0,0,2016,7," Buf"
"548","Terrance West","NYJ",1,8,10,0,0,2016,7," Bal"
"549","DeAndre Washington","Jax",1,5,16,0,0,2016,7," Oak"
"550","Robert Turbin","Ten",1,2,3,0,0,2016,7," Ind"
"551","De'Anthony Thomas","NO",1,0,0,0,0,2016,7," KC"
"552","Lorenzo Taliaferro","NYJ",1,1,0,0,0,2016,7," Bal"
"553","Wendell Smallwood","Min",1,4,13,0,0,2016,7," Phi"
"554","C.J. Prosise","Ari",1,1,0,0,0,2016,7," Sea"
"555","Bilal Powell","Bal",1,4,18,0,0,2016,7," NYJ"
"556","Paul Perkins","LA",1,4,12,0,0,2016,7," NYG"
"557","Jamize Olawale","Jax",1,3,12,0,0,2016,7," Oak"
"558","LeSean McCoy","Mia",1,8,11,0,0,2016,7," Buf"
"559","Matt Jones","Det",1,10,27,0,0,2016,7," Was"
"560","Andy Janovich","Hou",1,1,1,0,0,2016,7," Den"
"561","Kenneth Farrow","Atl",1,2,13,0,0,2016,7," SD"
"562","Charcandrick West","NO",0,4,5,0,0,2016,7," KC"
"563","Anthony Sherman","NO",0,0,0,0,0,2016,7," KC"
"564","Aaron Ripkowski","Chi",0,3,8,0,0,2016,7," GB"
"565","Jalen Richard","Jax",0,1,1,0,0,2016,7," Oak"
"566","Bobby Rainey","LA",0,1,1,0,0,2016,7," NYG"
"567","Troymaine Pope","Bal",0,1,1,0,0,2016,7," NYJ"
"568","Dexter McCluster","Atl",0,1,-1,0,0,2016,7," SD"
"569","Zach Line","Phi",0,2,2,0,0,2016,7," Min"
"570","John Kuhn","KC",0,1,3,0,0,2016,7," NO"
"571","Kyle Juszczyk","NYJ",0,0,0,0,0,2016,7," Bal"
"572","Don Jackson","Chi",0,2,6,0,0,2016,7," GB"
"573","Ronnie Hillman","Phi",0,1,-6,0,0,2016,7," Min"
"574","Derrick Henry","Ind",0,1,3,0,0,2016,7," Ten"
"575","Arian Foster","Buf",0,3,5,0,0,2016,7," Mia"
"576","Jerome Felton","Mia",0,1,0,0,0,2016,7," Buf"
"577","Tyler Ervin","Den",0,0,0,0,0,2016,7," Hou"
"578","Andre Ellington","Sea",0,2,7,0,0,2016,7," Ari"
"579","Kenneth Dixon","NYJ",0,1,0,0,0,2016,7," Bal"
"580","Patrick DiMarco","SD",0,0,0,0,0,2016,7," Atl"
"581","Knile Davis","Chi",0,2,1,0,0,2016,7," GB"
"582","Benny Cunningham","NYG",0,3,4,0,0,2016,7," LA"
"583","Alex Collins","Ari",0,1,2,0,0,2016,7," Sea"
"584","Jamaal Charles","NO",0,1,0,0,0,2016,7," KC"
"585","Travaris Cadet","KC",0,0,0,0,0,2016,7," NO"
"586","Jordan Howard","Min",25,26,153,1,0,2016,8," Chi"
"587","Jonathan Stewart","Ari",22,25,95,2,0,2016,8," Car"
"588","Matt Forte","Cle",21,25,82,2,0,2016,8," NYJ"
"589","Theo Riddick","Hou",18,11,56,0,0,2016,8," Det"
"590","DeMarco Murray","Jax",18,21,123,1,0,2016,8," Ten"
"591","Devonta Freeman","GB",17,11,35,1,0,2016,8," Atl"
"592","Derrick Henry","Jax",15,16,60,1,0,2016,8," Ten"
"593","Melvin Gordon","Den",15,23,111,0,0,2016,8," SD"
"594","Rob Kelley","Cin",14,21,87,1,0,2016,8," Was"
"595","Mike Gillislee","NE",14,12,85,1,0,2016,8," Buf"
"596","Ezekiel Elliott","Phi",14,22,96,0,0,2016,8," Dal"
"597","Bilal Powell","Cle",13,6,76,1,0,2016,8," NYJ"
"598","Jeremy Hill","Was",13,20,76,1,0,2016,8," Cin"
"599","Devontae Booker","SD",13,19,54,1,0,2016,8," Den"
"600","Jacquizz Rodgers","Oak",12,19,69,1,0,2016,8," TB"
"601","Giovani Bernard","Was",12,11,52,1,0,2016,8," Cin"
"602","Lamar Miller","Det",11,17,56,1,0,2016,8," Hou"
"603","Frank Gore","KC",11,9,37,0,0,2016,8," Ind"
"604","Isaiah Crowell","NYJ",11,11,29,1,0,2016,8," Cle"
"605","C.J. Prosise","NO",10,4,23,0,0,2016,8," Sea"
"606","Christine Michael","NO",10,10,40,1,0,2016,8," Sea"
"607","Duke Johnson","NYJ",10,4,29,0,0,2016,8," Cle"
"608","David Johnson","Car",10,10,24,0,0,2016,8," Ari"
"609","Tim Hightower","Sea",10,26,102,0,0,2016,8," NO"
"610","LeGarrette Blount","Buf",10,18,43,1,0,2016,8," NE"
"611","Darren Sproles","Dal",9,15,86,0,0,2016,8," Phi"
"612","Jonathan Williams","NE",7,5,12,1,0,2016,8," Buf"
"613","Ryan Mathews","Dal",7,4,10,1,0,2016,8," Phi"
"614","Matt Asiata","Chi",7,14,42,0,0,2016,8," Min"
"615","Juwan Thompson","SD",6,1,1,1,0,2016,8," Den"
"616","Jamize Olawale","TB",6,1,-1,0,0,2016,8," Oak"
"617","Latavius Murray","TB",6,11,48,0,0,2016,8," Oak"
"618","T.J. Yeldon","Ten",5,3,20,0,0,2016,8," Jax"
"619","Charcandrick West","Ind",5,14,52,0,0,2016,8," KC"
"620","Derek Watt","Den",5,0,0,0,0,2016,8," SD"
"621","Terron Ward","GB",5,6,46,0,0,2016,8," Atl"
"622","Alfred Blue","Det",4,9,41,0,0,2016,8," Hou"
"623","DeAndre Washington","TB",3,5,32,0,0,2016,8," Oak"
"624","Spencer Ware","Ind",3,7,19,0,0,2016,8," KC"
"625","Chris Thompson","Cin",3,7,14,0,0,2016,8," Was"
"626","Aaron Ripkowski","Atl",3,6,34,0,0,2016,8," GB"
"627","Jalen Richard","TB",3,5,34,0,0,2016,8," Oak"
"628","Reggie Bush","NE",3,2,-8,0,0,2016,8," Buf"
"629","James White","Buf",2,2,15,0,0,2016,8," NE"
"630","Robert Turbin","KC",2,2,9,0,0,2016,8," Ind"
"631","Jerome Felton","NE",2,0,0,0,0,2016,8," Buf"
"632","Antone Smith","Oak",1,4,16,0,0,2016,8," TB"
"633","Daniel Lasco","Sea",1,5,15,0,0,2016,8," NO"
"634","Jeremy Langford","Min",1,0,0,0,0,2016,8," Chi"
"635","John Kuhn","Sea",1,0,0,0,0,2016,8," NO"
"636","Don Jackson","Atl",1,4,10,0,0,2016,8," GB"
"637","Ronnie Hillman","Chi",1,4,15,0,0,2016,8," Min"
"638","Jonathan Grimes","Det",1,2,11,0,0,2016,8," Hou"
"639","Kenneth Farrow","Den",1,3,12,0,0,2016,8," SD"
"640","Andre Ellington","Car",1,0,0,0,0,2016,8," Ari"
"641","Zach Zenner","Hou",0,3,2,0,0,2016,8," Det"
"642","Fozzy Whittaker","Ari",0,2,1,0,0,2016,8," Car"
"643","Mike Tolbert","Ari",0,2,2,0,0,2016,8," Car"
"644","De'Anthony Thomas","Ind",0,2,2,0,0,2016,8," KC"
"645","Alfred Morris","Phi",0,3,6,0,0,2016,8," Dal"
"646","Dexter McCluster","Den",0,0,0,0,0,2016,8," SD"
"647","Chris Ivory","Ten",0,4,6,0,0,2016,8," Jax"
"648","Knile Davis","Atl",0,3,4,0,0,2016,8," GB"
"649","Ka'Deem Carey","Min",0,2,3,0,0,2016,8," Chi"
"650","Travaris Cadet","Sea",0,0,0,0,0,2016,8," NO"
"651","Kapri Bibbs","SD",0,2,4,0,0,2016,8," Den"
"652","Kenjon Barner","Dal",0,3,9,0,0,2016,8," Phi"
"653","Peyton Barber","Oak",0,1,1,0,0,2016,8," TB"
"654","Wendell Smallwood","Dal",-1,1,-5,0,0,2016,8," Phi"
"655","Mark Ingram","Sea",-1,3,5,0,0,2016,8," NO"
"656","Melvin Gordon","Ten",31,32,196,1,0,2016,9," SD"
"657","Latavius Murray","Den",30,20,114,3,0,2016,9," Oak"
"658","Mark Ingram","SF",28,15,158,1,0,2016,9," NO"
"659","Ezekiel Elliott","Cle",21,18,92,2,0,2016,9," Dal"
"660","Frank Gore","GB",19,19,60,2,0,2016,9," Ind"
"661","DuJuan Harris","NO",18,10,59,0,0,2016,9," SF"
"662","Jay Ajayi","NYJ",18,24,111,1,0,2016,9," Mia"
"663","Tim Hightower","SF",15,23,87,1,0,2016,9," NO"
"664","Matt Forte","Mia",15,12,92,1,0,2016,9," NYJ"
"665","DeMarco Murray","SD",13,14,51,1,0,2016,9," Ten"
"666","Kapri Bibbs","Oak",13,2,11,0,0,2016,9," Den"
"667","T.J. Yeldon","KC",11,7,33,0,0,2016,9," Jax"
"668","LeSean McCoy","Sea",11,21,85,0,0,2016,9," Buf"
"669","Chris Ivory","KC",9,18,107,0,0,2016,9," Jax"
"670","Mike Gillislee","Sea",9,8,32,1,0,2016,9," Buf"
"671","Devonta Freeman","TB",9,17,77,0,0,2016,9," Atl"
"672","Theo Riddick","Min",7,14,70,0,0,2016,9," Det"
"673","Jalen Richard","Den",7,8,62,0,0,2016,9," Oak"
"674","Ryan Mathews","NYG",7,5,15,1,0,2016,9," Phi"
"675","Charcandrick West","Jax",6,13,39,0,0,2016,9," KC"
"676","Darren Sproles","NYG",6,13,57,0,0,2016,9," Phi"
"677","Christine Michael","Buf",6,5,1,1,0,2016,9," Sea"
"678","Ronnie Hillman","Det",6,7,30,0,0,2016,9," Min"
"679","Todd Gurley","Car",6,12,48,0,0,2016,9," LA"
"680","Patrick DiMarco","TB",6,0,0,0,0,2016,9," Atl"
"681","Isaiah Crowell","Dal",6,6,4,0,0,2016,9," Cle"
"682","Le'Veon Bell","Bal",6,14,32,0,0,2016,9," Pit"
"683","Kenjon Barner","NYG",6,1,3,1,0,2016,9," Phi"
"684","Alfred Morris","Cle",5,17,56,0,0,2016,9," Dal"
"685","Peyton Barber","Atl",5,11,31,0,0,2016,9," TB"
"686","Damien Williams","NYJ",4,5,29,0,0,2016,9," Mia"
"687","Jonathan Stewart","LA",4,15,42,0,0,2016,9," Car"
"688","Bilal Powell","Mia",4,6,22,0,0,2016,9," NYJ"
"689","Paul Perkins","Phi",4,11,32,0,0,2016,9," NYG"
"690","Duke Johnson","Dal",4,5,30,0,0,2016,9," Cle"
"691","Benny Cunningham","Car",4,3,10,0,0,2016,9," LA"
"692","DeAndre Washington","Den",3,10,35,0,0,2016,9," Oak"
"693","Terron Ward","TB",3,8,30,0,0,2016,9," Atl"
"694","Antone Smith","Atl",3,5,25,0,0,2016,9," TB"
"695","Rashad Jennings","Phi",3,11,26,0,0,2016,9," NYG"
"696","Matt Asiata","Det",3,9,27,0,0,2016,9," Min"
"697","Terrance West","Pit",2,15,21,0,0,2016,9," Bal"
"698","Dwayne Washington","Min",2,10,26,0,0,2016,9," Det"
"699","Robert Turbin","GB",2,2,10,0,0,2016,9," Ind"
"700","Wendell Smallwood","NYG",2,2,25,0,0,2016,9," Phi"
"701","Reggie Bush","Sea",2,0,0,0,0,2016,9," Buf"
"702","Devontae Booker","Oak",2,10,22,0,0,2016,9," Den"
"703","Mike James","Atl",1,1,3,0,0,2016,9," TB"
"704","Don Jackson","Ind",1,4,16,0,0,2016,9," GB"
"705","MarQueis Gray","NYJ",1,0,0,0,0,2016,9," Mia"
"706","Kenneth Farrow","Ten",1,4,15,0,0,2016,9," SD"
"707","Kenneth Dixon","Pit",1,9,13,0,0,2016,9," Bal"
"708","Knile Davis","Jax",1,3,10,0,0,2016,9," KC"
"709","Antonio Andrews","SD",1,2,15,0,0,2016,9," Ten"
"710","Jonathan Williams","Sea",0,0,0,0,0,2016,9," Buf"
"711","DeAngelo Williams","Bal",0,1,1,0,0,2016,9," Pit"
"712","Fozzy Whittaker","LA",0,1,0,0,0,2016,9," Car"
"713","Mike Tolbert","LA",0,2,1,0,0,2016,9," Car"
"714","Anthony Sherman","Jax",0,0,0,0,0,2016,9," KC"
"715","Aaron Ripkowski","Ind",0,2,4,0,0,2016,9," GB"
"716","Stevan Ridley","TB",0,3,7,0,0,2016,9," Atl"
"717","C.J. Prosise","Buf",0,3,9,0,0,2016,9," Sea"
"718","Jamize Olawale","Den",0,1,4,0,0,2016,9," Oak"
"719","Jerick McKinnon","Det",0,7,8,0,0,2016,9," Min"
"720","John Kuhn","SF",0,2,5,0,0,2016,9," NO"
"721","Kyle Juszczyk","Pit",0,1,2,0,0,2016,9," Bal"
"722","Josh Ferguson","GB",0,0,0,0,0,2016,9," Ind"
"723","Jerome Felton","Sea",0,1,2,0,0,2016,9," Buf"
"724","Kenyan Drake","NYJ",0,0,0,0,0,2016,9," Mia"
"725","Mike Davis","NO",0,2,11,0,0,2016,9," SF"
"726","Travaris Cadet","SF",0,0,0,0,0,2016,9," NO"
"727","Malcolm Brown","Car",0,1,0,0,0,2016,9," LA"
"728","Ezekiel Elliott","Pit",38,21,114,2,0,2016,10," Dal"
"729","DeMarco Murray","GB",27,17,123,1,0,2016,10," Ten"
"730","Ryan Mathews","Atl",27,19,109,2,1,2016,10," Phi"
"731","LeGarrette Blount","Sea",24,21,69,3,0,2016,10," NE"
"732","Le'Veon Bell","Dal",24,17,57,1,0,2016,10," Pit"
"733","David Johnson","SF",21,19,55,1,0,2016,10," Ari"
"734","C.J. Prosise","NE",14,17,66,0,0,2016,10," Sea"
"735","Bilal Powell","LA",14,4,37,0,0,2016,10," NYJ"
"736","Damien Williams","SD",13,2,2,1,0,2016,10," Mia"
"737","Melvin Gordon","Mia",13,24,70,0,0,2016,10," SD"
"738","James Starks","Ten",10,7,33,0,0,2016,10," GB"
"739","Doug Martin","Chi",10,16,33,1,0,2016,10," TB"
"740","Rashad Jennings","Cin",10,15,87,0,0,2016,10," NYG"
"741","Jeremy Hill","NYG",10,15,46,1,0,2016,10," Cin"
"742","Matt Forte","LA",10,20,98,0,0,2016,10," NYJ"
"743","Rob Kelley","Min",9,22,97,0,0,2016,10," Was"
"744","Jordan Howard","TB",9,15,100,0,0,2016,10," Chi"
"745","Lamar Miller","Jax",8,15,83,0,0,2016,10," Hou"
"746","Devontae Booker","NO",8,24,76,0,0,2016,10," Den"
"747","Terrance West","Cle",7,21,65,0,0,2016,10," Bal"
"748","Spencer Ware","Car",7,13,61,0,0,2016,10," KC"
"749","Wendell Smallwood","Atl",7,13,70,0,0,2016,10," Phi"
"750","Devonta Freeman","Phi",7,12,49,0,0,2016,10," Atl"
"751","Kenneth Dixon","Cle",7,6,38,0,0,2016,10," Bal"
"752","Matt Asiata","Was",7,9,13,1,0,2016,10," Min"
"753","Jay Ajayi","SD",7,19,79,0,0,2016,10," Mia"
"754","Darren Sproles","Atl",6,2,19,0,0,2016,10," Phi"
"755","Mark Ingram","Den",6,11,50,0,0,2016,10," NO"
"756","Todd Gurley","NYJ",6,21,64,0,0,2016,10," LA"
"757","T.J. Yeldon","Hou",5,9,32,0,0,2016,10," Jax"
"758","Akeem Hunt","Jax",5,8,52,0,0,2016,10," Hou"
"759","Tim Hightower","Den",5,8,21,0,0,2016,10," NO"
"760","Isaiah Crowell","Bal",5,9,23,0,0,2016,10," Cle"
"761","Chris Ivory","Hou",4,9,31,0,0,2016,10," Jax"
"762","Benny Cunningham","NYJ",4,6,40,0,0,2016,10," LA"
"763","James White","Sea",3,2,5,0,0,2016,10," NE"
"764","Jonathan Stewart","KC",3,13,39,0,0,2016,10," Car"
"765","Paul Perkins","Cin",3,9,31,0,0,2016,10," NYG"
"766","Derrick Henry","GB",3,9,31,0,0,2016,10," Ten"
"767","Peyton Barber","Chi",3,12,38,0,0,2016,10," TB"
"768","Chris Thompson","Min",2,4,25,0,0,2016,10," Was"
"769","Christine Michael","NE",2,5,22,0,0,2016,10," Sea"
"770","Jerick McKinnon","Was",2,6,16,0,0,2016,10," Min"
"771","Jeremy Langford","TB",2,2,16,0,0,2016,10," Chi"
"772","Kyle Juszczyk","Cle",2,1,3,0,0,2016,10," Bal"
"773","Duke Johnson","Bal",2,2,6,0,0,2016,10," Cle"
"774","Travaris Cadet","Den",2,0,0,0,0,2016,10," NO"
"775","Alfred Blue","Jax",2,7,23,0,0,2016,10," Hou"
"776","Kapri Bibbs","NO",2,7,22,0,0,2016,10," Den"
"777","Giovani Bernard","NYG",2,7,17,0,0,2016,10," Cin"
"778","Alfred Morris","Pit",1,4,13,0,0,2016,10," Dal"
"779","Carlos Hyde","Ari",1,13,14,0,0,2016,10," SF"
"780","DuJuan Harris","Ari",1,5,14,0,0,2016,10," SF"
"781","MarQueis Gray","SD",1,0,0,0,0,2016,10," Mia"
"782","Ka'Deem Carey","TB",1,2,-1,0,0,2016,10," Chi"
"783","Fozzy Whittaker","KC",0,2,5,0,0,2016,10," Car"
"784","Charcandrick West","Car",0,2,5,0,0,2016,10," KC"
"785","Terron Ward","Phi",0,1,-1,0,0,2016,10," Atl"
"786","Mike Tolbert","KC",0,1,0,0,0,2016,10," Car"
"787","C.J. Spiller","LA",0,1,4,0,0,2016,10," NYJ"
"788","Zach Line","Was",0,1,5,0,0,2016,10," Min"
"789","Paul Lasike","TB",0,0,0,0,0,2016,10," Chi"
"790","Andy Janovich","NO",0,0,0,0,0,2016,10," Den"
"791","Mike James","Chi",0,2,7,0,0,2016,10," TB"
"792","Ronnie Hillman","Was",0,4,2,0,0,2016,10," Min"
"793","Andre Ellington","SF",0,2,-1,0,0,2016,10," Ari"
"794","Kenyan Drake","SD",0,1,9,0,0,2016,10," Mia"
"795","Alex Collins","NE",0,1,2,0,0,2016,10," Sea"
"796","Javorius Allen","Cle",0,2,3,0,0,2016,10," Bal"
"797","Rob Kelley","GB",31,24,137,3,0,2016,11," Was"
"798","David Johnson","Min",27,22,103,1,0,2016,11," Ari"
"799","Le'Veon Bell","Cle",25,28,146,1,0,2016,11," Pit"
"800","Rashad Jennings","Chi",18,21,85,1,0,2016,11," NYG"
"801","Lamar Miller","Oak",16,24,104,1,0,2016,11," Hou"
"802","Jamize Olawale","Hou",15,2,-3,0,0,2016,11," Oak"
"803","C.J. Prosise","Phi",13,4,76,1,0,2016,11," Sea"
"804","DeMarco Murray","Ind",13,21,70,0,0,2016,11," Ten"
"805","Todd Gurley","Mia",13,20,76,1,0,2016,11," LA"
"806","James White","SF",12,0,0,0,0,2016,11," NE"
"807","James Starks","Was",12,9,25,0,0,2016,11," GB"
"808","Frank Gore","Ten",12,18,50,0,0,2016,11," Ind"
"809","Ezekiel Elliott","Bal",12,25,97,0,0,2016,11," Dal"
"810","LeGarrette Blount","SF",12,19,124,0,0,2016,11," NE"
"811","Terrance West","Dal",11,8,42,1,0,2016,11," Bal"
"812","Jalen Richard","Hou",11,3,2,0,0,2016,11," Oak"
"813","Tim Hightower","Car",11,12,69,0,0,2016,11," NO"
"814","LeSean McCoy","Cin",10,5,33,1,0,2016,11," Buf"
"815","Doug Martin","KC",10,24,63,0,0,2016,11," TB"
"816","Carlos Hyde","NE",10,19,86,0,0,2016,11," SF"
"817","Shaun Draughn","NE",10,0,0,0,0,2016,11," SF"
"818","Jonathan Stewart","NO",9,18,31,1,0,2016,11," Car"
"819","Jeremy Langford","NYG",9,6,8,1,0,2016,11," Chi"
"820","Chris Ivory","Det",9,17,39,0,0,2016,11," Jax"
"821","Jordan Howard","NYG",9,17,77,0,0,2016,11," Chi"
"822","Theo Riddick","Jax",8,4,13,0,0,2016,11," Det"
"823","Thomas Rawls","Phi",8,14,57,0,0,2016,11," Sea"
"824","Latavius Murray","Hou",8,12,33,0,0,2016,11," Oak"
"825","Matt Asiata","Ari",8,5,20,1,0,2016,11," Min"
"826","Spencer Ware","TB",7,17,69,0,0,2016,11," KC"
"827","Wendell Smallwood","Sea",7,13,48,0,0,2016,11," Phi"
"828","Mike Gillislee","Cin",7,14,72,0,0,2016,11," Buf"
"829","Jay Ajayi","LA",7,16,77,0,0,2016,11," Mia"
"830","Robert Turbin","Ten",6,2,4,1,0,2016,11," Ind"
"831","Mark Ingram","Car",6,7,28,0,0,2016,11," NO"
"832","Jeremy Hill","Buf",6,16,62,0,0,2016,11," Cin"
"833","Giovani Bernard","Buf",6,7,21,0,0,2016,11," Cin"
"834","Duke Johnson","Pit",5,2,10,0,0,2016,11," Cle"
"835","Charcandrick West","TB",4,0,0,0,0,2016,11," KC"
"836","Jerick McKinnon","Ari",4,16,44,0,0,2016,11," Min"
"837","Dion Lewis","SF",4,5,23,0,0,2016,11," NE"
"838","Kenneth Dixon","Dal",4,6,40,0,0,2016,11," Bal"
"839","Ryan Mathews","Sea",3,7,31,0,0,2016,11," Phi"
"840","Kyle Juszczyk","Dal",3,0,0,0,0,2016,11," Bal"
"841","T.J. Yeldon","Det",2,4,16,0,0,2016,11," Jax"
"842","Jonathan Williams","Cin",2,4,26,0,0,2016,11," Buf"
"843","Paul Perkins","Chi",2,4,16,0,0,2016,11," NYG"
"844","Andre Ellington","Min",2,5,21,0,0,2016,11," Ari"
"845","Isaiah Crowell","Pit",2,8,10,0,0,2016,11," Cle"
"846","Reggie Bush","Cin",2,0,0,0,0,2016,11," Buf"
"847","Peyton Barber","KC",2,4,22,0,0,2016,11," TB"
"848","Dwayne Washington","Jax",1,13,6,0,0,2016,11," Det"
"849","Mike Tolbert","NO",1,2,-1,0,0,2016,11," Car"
"850","Chris Thompson","GB",1,2,10,0,0,2016,11," Was"
"851","Darren Sproles","Sea",1,2,15,0,0,2016,11," Phi"
"852","Lance Dunbar","Bal",1,1,2,0,0,2016,11," Dal"
"853","Rex Burkhead","Buf",1,0,0,0,0,2016,11," Cin"
"854","Kenjon Barner","Sea",1,3,17,0,0,2016,11," Phi"
"855","Fozzy Whittaker","NO",0,1,0,0,0,2016,11," Car"
"856","DeAndre Washington","Hou",0,1,0,0,0,2016,11," Oak"
"857","Aaron Ripkowski","Was",0,2,9,0,0,2016,11," GB"
"858","Jay Prosch","Oak",0,1,2,0,0,2016,11," Hou"
"859","Troymaine Pope","Phi",0,2,3,0,0,2016,11," Sea"
"860","Marcus Murphy","Car",0,0,0,0,0,2016,11," NO"
"861","Alfred Morris","Bal",0,2,3,0,0,2016,11," Dal"
"862","Paul Lasike","NYG",0,1,5,0,0,2016,11," Chi"
"863","John Kuhn","Car",0,2,3,0,0,2016,11," NO"
"864","Mike James","KC",0,1,9,0,0,2016,11," TB"
"865","Akeem Hunt","Oak",0,5,-2,0,0,2016,11," Hou"
"866","Ronnie Hillman","Ari",0,2,9,0,0,2016,11," Min"
"867","DuJuan Harris","NE",0,4,4,0,0,2016,11," SF"
"868","MarQueis Gray","LA",0,0,0,0,0,2016,11," Mia"
"869","Jerome Felton","Cin",0,1,2,0,0,2016,11," Buf"
"870","Kenyan Drake","LA",0,1,2,0,0,2016,11," Mia"
"871","Benny Cunningham","Mia",0,2,7,0,0,2016,11," LA"
"872","Tyler Ervin","Oak",-1,0,0,0,0,2016,11," Hou"
"873","Mark Ingram","LA",28,14,146,1,0,2016,12," NO"
"874","LeSean McCoy","Jax",27,19,103,2,1,2016,12," Buf"
"875","Ezekiel Elliott","Was",23,20,97,2,0,2016,12," Dal"
"876","Jonathan Stewart","Oak",21,17,96,2,0,2016,12," Car"
"877","David Johnson","Atl",21,13,58,0,0,2016,12," Ari"
"878","Le'Veon Bell","Ind",20,23,120,1,0,2016,12," Pit"
"879","Devonta Freeman","Ari",19,16,60,2,0,2016,12," Atl"
"880","Tim Hightower","LA",16,15,51,0,0,2016,12," NO"
"881","Carlos Hyde","Mia",15,13,65,0,0,2016,12," SF"
"882","Latavius Murray","Car",14,19,45,1,0,2016,12," Oak"
"883","Jordan Howard","Ten",12,18,84,0,0,2016,12," Chi"
"884","Derrick Henry","Chi",12,8,60,1,0,2016,12," Ten"
"885","Chris Ivory","Buf",11,9,44,1,0,2016,12," Jax"
"886","Jay Ajayi","SF",11,18,45,1,0,2016,12," Mia"
"887","Spencer Ware","Den",9,17,64,0,0,2016,12," KC"
"888","Devontae Booker","KC",9,24,79,0,0,2016,12," Den"
"889","Matt Asiata","Det",9,5,27,1,0,2016,12," Min"
"890","DeMarco Murray","Chi",8,17,43,0,0,2016,12," Ten"
"891","Jeremy Hill","Bal",8,12,21,0,0,2016,12," Cin"
"892","Todd Gurley","NO",8,13,50,0,0,2016,12," LA"
"893","Melvin Gordon","Hou",8,17,70,0,0,2016,12," SD"
"894","Aaron Ripkowski","Phi",7,3,1,1,0,2016,12," GB"
"895","Jerick McKinnon","Det",7,9,31,0,0,2016,12," Min"
"896","Doug Martin","Sea",7,23,87,0,0,2016,12," TB"
"897","Kenneth Dixon","Cin",7,13,49,0,0,2016,12," Bal"
"898","Isaiah Crowell","NYG",7,16,44,0,0,2016,12," Cle"
"899","James Starks","Phi",6,17,41,0,0,2016,12," GB"
"900","Tevin Coleman","Ari",6,8,9,1,0,2016,12," Atl"
"901","LeGarrette Blount","NYJ",6,11,67,0,0,2016,12," NE"
"902","Terrance West","Cin",5,13,48,0,0,2016,12," Bal"
"903","Theo Riddick","Min",5,9,45,0,0,2016,12," Det"
"904","Lamar Miller","SD",5,19,57,0,0,2016,12," Hou"
"905","Dion Lewis","NYJ",5,6,24,0,0,2016,12," NE"
"906","Rashad Jennings","Cle",5,15,55,0,0,2016,12," NYG"
"907","Darren Sproles","GB",4,3,6,0,0,2016,12," Phi"
"908","Wendell Smallwood","GB",4,9,37,0,0,2016,12," Phi"
"909","Matt Forte","NE",4,13,27,0,0,2016,12," NYJ"
"910","Shaun Draughn","Mia",4,0,0,0,0,2016,12," SF"
"911","Jordan Todman","Pit",3,3,37,0,0,2016,12," Ind"
"912","Thomas Rawls","TB",3,12,38,0,0,2016,12," Sea"
"913","Bilal Powell","NE",3,8,36,0,0,2016,12," NYJ"
"914","Paul Perkins","Cle",3,9,29,0,0,2016,12," NYG"
"915","Rob Kelley","Dal",3,14,37,0,0,2016,12," Was"
"916","Duke Johnson","NYG",3,5,14,0,0,2016,12," Cle"
"917","Rex Burkhead","Bal",3,5,29,0,0,2016,12," Cin"
"918","James White","NYJ",2,0,0,0,0,2016,12," NE"
"919","Robert Turbin","Pit",2,2,20,0,0,2016,12," Ind"
"920","Fitzgerald Toussaint","Ind",2,6,28,0,0,2016,12," Pit"
"921","Chris Thompson","Dal",2,4,17,0,0,2016,12," Was"
"922","Jalen Richard","Car",2,7,23,0,0,2016,12," Oak"
"923","Frank Gore","Pit",2,15,28,0,0,2016,12," Ind"
"924","Kapri Bibbs","KC",2,9,22,0,0,2016,12," Den"
"925","T.J. Yeldon","Buf",1,6,17,0,0,2016,12," Jax"
"926","Jonathan Williams","Jax",1,3,12,0,0,2016,12," Buf"
"927","Damien Williams","SF",1,1,7,0,0,2016,12," Mia"
"928","Fozzy Whittaker","Oak",1,4,14,0,0,2016,12," Car"
"929","Dwayne Washington","Min",1,5,19,0,0,2016,12," Det"
"930","Mike Tolbert","Oak",1,0,0,0,0,2016,12," Car"
"931","Alfred Morris","Was",1,1,12,0,0,2016,12," Dal"
"932","Kyle Juszczyk","Cin",1,0,0,0,0,2016,12," Bal"
"933","Taiwan Jones","Car",1,0,0,0,0,2016,12," Oak"
"934","Akeem Hunt","SD",1,2,19,0,0,2016,12," Hou"
"935","DuJuan Harris","Mia",1,2,15,0,0,2016,12," SF"
"936","Jonathan Grimes","SD",1,2,14,0,0,2016,12," Hou"
"937","MarQueis Gray","SF",1,0,0,0,0,2016,12," Mia"
"938","Andre Ellington","Atl",1,0,0,0,0,2016,12," Ari"
"939","Benny Cunningham","NO",1,0,0,0,0,2016,12," LA"
"940","Ka'Deem Carey","Ten",1,1,6,0,0,2016,12," Chi"
"941","Kenjon Barner","GB",1,1,2,0,0,2016,12," Phi"
"942","Peyton Barber","Sea",1,5,16,0,0,2016,12," TB"
"943","Zach Zenner","Min",0,1,0,0,0,2016,12," Det"
"944","Charcandrick West","Den",0,3,8,0,0,2016,12," KC"
"945","Dan Vitale","NYG",0,0,0,0,0,2016,12," Cle"
"946","De'Anthony Thomas","Den",0,0,0,0,0,2016,12," KC"
"947","Jamize Olawale","Car",0,0,0,0,0,2016,12," Oak"
"948","Christine Michael","Phi",0,1,4,0,0,2016,12," GB"
"949","Zach Line","Det",0,1,2,0,0,2016,12," Min"
"950","Jeremy Langford","Ten",0,1,5,0,0,2016,12," Chi"
"951","John Kuhn","LA",0,1,4,0,0,2016,12," NO"
"952","Andy Janovich","KC",0,0,0,0,0,2016,12," Den"
"953","Kenneth Farrow","Hou",0,1,-3,0,0,2016,12," SD"
"954","Lance Dunbar","Was",0,0,0,0,0,2016,12," Dal"
"955","Kenyan Drake","SF",0,1,9,0,0,2016,12," Mia"
"956","James Develin","NYJ",0,0,0,0,0,2016,12," NE"
"957","Knile Davis","Den",0,3,6,0,0,2016,12," KC"
"958","Malcolm Brown","NO",0,3,9,0,0,2016,12," LA"
"959","Bobby Rainey","Cle",-1,0,0,0,0,2016,12," NYG"
"960","David Johnson","Was",29,18,84,1,0,2016,13," Ari"
"961","Jordan Howard","SF",29,32,117,3,0,2016,13," Chi"
"962","Thomas Rawls","Car",23,15,106,2,0,2016,13," Sea"
"963","Latavius Murray","Buf",22,20,82,2,0,2016,13," Oak"
"964","Devonta Freeman","KC",21,15,56,2,0,2016,13," Atl"
"965","LeSean McCoy","Oak",19,17,130,0,0,2016,13," Buf"
"966","Melvin Gordon","TB",19,17,84,1,0,2016,13," SD"
"967","Terrance West","Mia",18,10,50,1,0,2016,13," Bal"
"968","Spencer Ware","Atl",16,14,29,1,0,2016,13," KC"
"969","Mike Gillislee","Oak",16,8,49,2,0,2016,13," Buf"
"970","Le'Veon Bell","NYG",16,29,118,0,0,2016,13," Pit"
"971","Ezekiel Elliott","Min",15,20,86,1,0,2016,13," Dal"
"972","LeGarrette Blount","LA",14,18,88,1,0,2016,13," NE"
"973","Doug Martin","SD",12,17,45,1,0,2016,13," TB"
"974","Jerick McKinnon","Dal",11,9,41,0,0,2016,13," Min"
"975","Darren Sproles","Cin",10,7,14,1,0,2016,13," Phi"
"976","Rashad Jennings","Pit",10,6,19,0,0,2016,13," NYG"
"977","Jeremy Hill","Phi",10,23,33,1,0,2016,13," Cin"
"978","Carlos Hyde","Chi",9,20,92,0,0,2016,13," SF"
"979","Devontae Booker","Jax",9,18,35,1,0,2016,13," Den"
"980","Jay Ajayi","Bal",8,12,61,0,0,2016,13," Mia"
"981","T.J. Yeldon","Den",7,14,55,0,0,2016,13," Jax"
"982","Robert Turbin","NYJ",7,6,16,1,0,2016,13," Ind"
"983","Aaron Ripkowski","Hou",7,3,14,1,0,2016,13," GB"
"984","Theo Riddick","NO",7,4,2,0,0,2016,13," Det"
"985","John Kuhn","Det",7,2,4,1,0,2016,13," NO"
"986","Frank Gore","NYJ",7,20,79,0,0,2016,13," Ind"
"987","Matt Forte","Ind",7,9,25,0,0,2016,13," NYJ"
"988","Kenneth Dixon","Mia",7,6,56,0,0,2016,13," Bal"
"989","Rob Kelley","Ari",6,14,63,0,0,2016,13," Was"
"990","Jalen Richard","Buf",5,9,53,0,0,2016,13," Oak"
"991","Jonathan Grimes","GB",5,5,43,0,0,2016,13," Hou"
"992","Travaris Cadet","Det",5,0,0,0,0,2016,13," NO"
"993","Zach Zenner","NO",4,9,40,0,0,2016,13," Det"
"994","Chris Thompson","Ari",4,2,24,0,0,2016,13," Was"
"995","Jonathan Stewart","Sea",4,11,50,0,0,2016,13," Car"
"996","Jacquizz Rodgers","SD",4,7,29,0,0,2016,13," TB"
"997","Mark Ingram","Det",4,7,37,0,0,2016,13," NO"
"998","Tevin Coleman","KC",4,12,49,0,0,2016,13," Atl"
"999","Rex Burkhead","Phi",4,8,38,0,0,2016,13," Cin"
"1000","Kapri Bibbs","Jax",4,5,49,0,0,2016,13," Den"
"1001","Dwayne Washington","NO",3,7,21,0,0,2016,13," Det"
"1002","Paul Perkins","Pit",3,7,38,0,0,2016,13," NYG"
"1003","Dion Lewis","LA",3,5,27,0,0,2016,13," NE"
"1004","Todd Gurley","NE",3,11,38,0,0,2016,13," LA"
"1005","Alfred Blue","GB",3,5,38,0,0,2016,13," Hou"
"1006","Matt Asiata","Dal",3,6,30,0,0,2016,13," Min"
"1007","James White","LA",2,3,17,0,0,2016,13," NE"
"1008","Mike Tolbert","Sea",2,4,21,0,0,2016,13," Car"
"1009","De'Anthony Thomas","Atl",2,1,23,0,0,2016,13," KC"
"1010","Troymaine Pope","Car",2,8,28,0,0,2016,13," Sea"
"1011","Lamar Miller","GB",2,14,22,0,0,2016,13," Hou"
"1012","Shaun Draughn","Chi",2,5,20,0,0,2016,13," SF"
"1013","Wendell Smallwood","Cin",1,8,19,0,0,2016,13," Phi"
"1014","Alfred Morris","Min",1,1,11,0,0,2016,13," Dal"
"1015","Christine Michael","Hou",1,9,19,0,0,2016,13," GB"
"1016","Taiwan Jones","Buf",1,0,0,0,0,2016,13," Oak"
"1017","Josh Ferguson","NYJ",1,5,11,0,0,2016,13," Ind"
"1018","Kenneth Farrow","TB",1,4,15,0,0,2016,13," SD"
"1019","Andre Ellington","Was",1,5,5,0,0,2016,13," Ari"
"1020","Damien Williams","Bal",0,1,1,0,0,2016,13," Mia"
"1021","Fozzy Whittaker","Sea",0,1,3,0,0,2016,13," Car"
"1022","Charcandrick West","Atl",0,1,0,0,0,2016,13," KC"
"1023","Derek Watt","TB",0,1,2,0,0,2016,13," SD"
"1024","Jordan Todman","NYJ",0,2,3,0,0,2016,13," Ind"
"1025","Juwan Thompson","Jax",0,2,5,0,0,2016,13," Den"
"1026","James Starks","Hou",0,4,1,0,0,2016,13," GB"
"1027","C.J. Spiller","Ind",0,2,5,0,0,2016,13," NYJ"
"1028","Bilal Powell","Ind",0,1,3,0,0,2016,13," NYJ"
"1029","Jeremy Langford","SF",0,1,2,0,0,2016,13," Chi"
"1030","Kyle Juszczyk","Mia",0,0,0,0,0,2016,13," Bal"
"1031","Tim Hightower","Det",0,2,5,0,0,2016,13," NO"
"1032","DuJuan Harris","Chi",0,2,8,0,0,2016,13," SF"
"1033","Corey Grant","Den",0,1,2,0,0,2016,13," Jax"
"1034","Jerome Felton","Oak",0,1,0,0,0,2016,13," Buf"
"1035","Kenyan Drake","Bal",0,1,1,0,0,2016,13," Mia"
"1036","Benny Cunningham","NE",0,1,-1,0,0,2016,13," LA"
"1037","Ka'Deem Carey","SF",0,2,8,0,0,2016,13," Chi"
"1038","Reggie Bush","Oak",0,1,3,0,0,2016,13," Buf"
"1039","Kenjon Barner","Cin",0,0,0,0,0,2016,13," Phi"
"1040","Peyton Barber","SD",0,2,6,0,0,2016,13," TB"
"1041","Le'Veon Bell","Buf",47,38,236,3,0,2016,14," Pit"
"1042","Bilal Powell","SF",29,29,145,2,0,2016,14," NYJ"
"1043","Carlos Hyde","NYJ",25,17,193,0,0,2016,14," SF"
"1044","Jeremy Hill","Cle",20,25,111,1,0,2016,14," Cin"
"1045","Lamar Miller","Ind",17,21,107,1,0,2016,14," Hou"
"1046","Latavius Murray","KC",16,22,103,1,0,2016,14," Oak"
"1047","LeSean McCoy","Pit",16,12,27,1,0,2016,14," Buf"
"1048","Tevin Coleman","LA",16,8,36,1,0,2016,14," Atl"
"1049","DeMarco Murray","Den",15,21,92,1,0,2016,14," Ten"
"1050","Rob Kelley","Phi",14,16,63,1,0,2016,14," Was"
"1051","Todd Gurley","Atl",14,16,61,1,0,2016,14," LA"
"1052","Doug Martin","NO",13,23,66,1,0,2016,14," TB"
"1053","David Johnson","Mia",13,20,80,0,0,2016,14," Ari"
"1054","Frank Gore","Hou",13,10,41,0,0,2016,14," Ind"
"1055","Kenneth Dixon","NE",13,11,39,0,0,2016,14," Bal"
"1056","LeGarrette Blount","Bal",13,18,72,1,0,2016,14," NE"
"1057","Jonathan Stewart","SD",12,24,66,1,0,2016,14," Car"
"1058","Isaiah Crowell","Cin",11,10,113,0,0,2016,14," Cle"
"1059","Jordan Howard","Det",10,13,86,0,0,2016,14," Chi"
"1060","Ezekiel Elliott","NYG",10,24,107,0,0,2016,14," Dal"
"1061","Chris Thompson","Phi",9,3,38,1,0,2016,14," Was"
"1062","Darren Sproles","Was",9,5,27,0,0,2016,14," Phi"
"1063","Shaun Draughn","NYJ",9,7,32,1,0,2016,14," SF"
"1064","Matt Asiata","Jax",9,11,37,1,0,2016,14," Min"
"1065","T.J. Yeldon","Min",8,17,59,0,0,2016,14," Jax"
"1066","James White","Bal",8,2,3,0,0,2016,14," NE"
"1067","Dwayne Washington","Chi",7,16,64,0,0,2016,14," Det"
"1068","Kenneth Farrow","Car",7,16,55,0,0,2016,14," SD"
"1069","Damien Williams","Ari",6,5,7,0,0,2016,14," Mia"
"1070","Charcandrick West","Oak",6,2,4,1,0,2016,14," KC"
"1071","Thomas Rawls","GB",6,12,67,0,0,2016,14," Sea"
"1072","Jerick McKinnon","Jax",6,14,31,0,0,2016,14," Min"
"1073","Ryan Mathews","Was",6,15,60,0,0,2016,14," Phi"
"1074","Spencer Ware","Oak",5,20,56,0,0,2016,14," KC"
"1075","Rashad Jennings","Dal",5,15,45,0,0,2016,14," NYG"
"1076","Alfred Blue","Ind",5,16,55,0,0,2016,14," Hou"
"1077","Jay Ajayi","Ari",5,20,48,0,0,2016,14," Mia"
"1078","Robert Turbin","Hou",4,3,10,0,0,2016,14," Ind"
"1079","Charles Sims","NO",4,4,17,0,0,2016,14," TB"
"1080","Paul Perkins","Dal",4,15,45,0,0,2016,14," NYG"
"1081","Kyle Juszczyk","NE",4,0,0,0,0,2016,14," Bal"
"1082","Duke Johnson","Cin",4,4,24,0,0,2016,14," Cle"
"1083","Derrick Henry","Den",4,12,42,0,0,2016,14," Ten"
"1084","Alex Collins","GB",4,7,23,0,0,2016,14," Sea"
"1085","Rex Burkhead","Cle",4,9,45,0,0,2016,14," Cin"
"1086","Zach Zenner","Chi",3,7,36,0,0,2016,14," Det"
"1087","Kerwynn Williams","Mia",3,3,34,0,0,2016,14," Ari"
"1088","Christine Michael","Sea",3,10,36,0,0,2016,14," GB"
"1089","Tim Hightower","TB",3,6,31,0,0,2016,14," NO"
"1090","Mike Gillislee","Pit",3,2,34,0,0,2016,14," Buf"
"1091","Travaris Cadet","TB",3,1,-1,0,0,2016,14," NO"
"1092","Terrance West","NE",2,2,2,0,0,2016,14," Bal"
"1093","Terron Ward","LA",2,10,24,0,0,2016,14," Atl"
"1094","Jalen Richard","KC",2,6,29,0,0,2016,14," Oak"
"1095","Fozzy Whittaker","SD",1,3,15,0,0,2016,14," Car"
"1096","Shane Vereen","Dal",1,0,0,0,0,2016,14," NYG"
"1097","Troymaine Pope","GB",1,1,12,0,0,2016,14," Sea"
"1098","Dion Lewis","Bal",1,3,14,0,0,2016,14," NE"
"1099","Mark Ingram","TB",1,7,14,0,0,2016,14," NO"
"1100","Akeem Hunt","Ind",1,1,19,0,0,2016,14," Hou"
"1101","Corey Grant","Min",1,4,13,0,0,2016,14," Jax"
"1102","Devonta Freeman","LA",1,6,6,0,0,2016,14," Atl"
"1103","Justin Forsett","Ten",1,6,17,0,0,2016,14," Den"
"1104","Lance Dunbar","NYG",1,0,0,0,0,2016,14," Dal"
"1105","Devontae Booker","Ten",1,3,1,0,0,2016,14," Den"
"1106","Brandon Wilds","SF",0,2,4,0,0,2016,14," NYJ"
"1107","Fitzgerald Toussaint","Buf",0,1,6,0,0,2016,14," Pit"
"1108","De'Anthony Thomas","Oak",0,0,0,0,0,2016,14," KC"
"1109","James Starks","Sea",0,2,3,0,0,2016,14," GB"
"1110","Wendell Smallwood","Was",0,3,3,0,0,2016,14," Phi"
"1111","Jacquizz Rodgers","NO",0,2,0,0,0,2016,14," TB"
"1112","Aaron Ripkowski","Sea",0,3,2,0,0,2016,14," GB"
"1113","Bobby Rainey","Dal",0,1,5,0,0,2016,14," NYG"
"1114","Jamize Olawale","KC",0,0,0,0,0,2016,14," Oak"
"1115","Jeremy Langford","Det",0,3,4,0,0,2016,14," Chi"
"1116","John Kuhn","TB",0,1,0,0,0,2016,14," NO"
"1117","Jonathan Grimes","Ind",0,1,6,0,0,2016,14," Hou"
"1118","Melvin Gordon","Car",0,3,5,0,0,2016,14," SD"
"1119","Matt Forte","SF",0,3,8,0,0,2016,14," NYJ"
"1120","Kenyan Drake","Ari",0,1,8,0,0,2016,14," Mia"
"1121","Ka'Deem Carey","Det",0,1,2,0,0,2016,14," Chi"
"1122","Reggie Bush","Pit",0,1,4,0,0,2016,14," Buf"
"1123","Malcolm Brown","Atl",0,4,14,0,0,2016,14," LA"
"1124","Joique Bell","Chi",0,0,0,0,0,2016,14," Det"
"1125","Devonta Freeman","SF",31,20,139,3,0,2016,15," Atl"
"1126","LeSean McCoy","Cle",28,19,153,2,0,2016,15," Buf"
"1127","Ezekiel Elliott","TB",23,23,159,1,0,2016,15," Dal"
"1128","David Johnson","NO",22,12,53,2,0,2016,15," Ari"
"1129","Ryan Mathews","Bal",20,20,128,1,1,2016,15," Phi"
"1130","Robert Turbin","Min",17,7,32,2,0,2016,15," Ind"
"1131","Jordan Howard","GB",17,17,90,1,0,2016,15," Chi"
"1132","Derrick Henry","KC",17,9,58,2,0,2016,15," Ten"
"1133","Tim Hightower","Ari",16,11,37,2,0,2016,15," NO"
"1134","Bilal Powell","Mia",15,16,84,0,0,2016,15," NYJ"
"1135","Lamar Miller","Jax",14,22,63,1,0,2016,15," Hou"
"1136","Jonathan Stewart","Was",13,25,132,0,0,2016,15," Car"
"1137","DeMarco Murray","KC",13,18,89,0,0,2016,15," Ten"
"1138","Kerwynn Williams","NO",12,3,63,1,0,2016,15," Ari"
"1139","Le'Veon Bell","Cin",12,23,93,0,0,2016,15," Pit"
"1140","Terrance West","Phi",11,13,77,0,0,2016,15," Bal"
"1141","Frank Gore","Min",11,26,101,0,0,2016,15," Ind"
"1142","Christine Michael","Chi",10,4,45,1,0,2016,15," GB"
"1143","Rob Kelley","Car",10,9,8,1,0,2016,15," Was"
"1144","Jeremy Hill","Pit",10,20,43,1,0,2016,15," Cin"
"1145","Travaris Cadet","Ari",10,1,16,0,0,2016,15," NO"
"1146","Mike Tolbert","Was",9,2,13,0,0,2016,15," Car"
"1147","Dion Lewis","Den",9,18,95,0,0,2016,15," NE"
"1148","Duke Johnson","Buf",9,5,31,0,0,2016,15," Cle"
"1149","Mike Gillislee","Cle",9,9,37,1,0,2016,15," Buf"
"1150","Kenneth Dixon","Phi",9,9,36,1,0,2016,15," Bal"
"1151","LeGarrette Blount","Den",9,17,31,1,0,2016,15," NE"
"1152","Spencer Ware","Ten",8,18,69,0,0,2016,15," KC"
"1153","Latavius Murray","SD",8,13,81,0,0,2016,15," Oak"
"1154","Mark Ingram","Ari",8,17,78,0,0,2016,15," NO"
"1155","Jerick McKinnon","Ind",6,3,12,0,0,2016,15," Min"
"1156","Carlos Hyde","Atl",6,13,71,0,0,2016,15," SF"
"1157","Zach Zenner","NYG",5,3,12,0,0,2016,15," Det"
"1158","T.J. Yeldon","Hou",5,8,28,0,0,2016,15," Jax"
"1159","Terron Ward","SF",5,6,52,0,0,2016,15," Atl"
"1160","Paul Perkins","Det",5,11,56,0,0,2016,15," NYG"
"1161","Tevin Coleman","SF",5,14,58,0,0,2016,15," Atl"
"1162","Jay Ajayi","NYJ",5,19,51,0,0,2016,15," Mia"
"1163","Jalen Richard","SD",4,6,36,0,0,2016,15," Oak"
"1164","Doug Martin","Dal",4,16,42,0,0,2016,15," TB"
"1165","Chris Ivory","Hou",4,10,44,0,0,2016,15," Jax"
"1166","Justin Forsett","NE",4,10,37,0,0,2016,15," Den"
"1167","Rex Burkhead","Pit",4,7,32,0,0,2016,15," Cin"
"1168","James White","Den",3,3,11,0,0,2016,15," NE"
"1169","Dwayne Washington","NYG",3,14,31,0,0,2016,15," Det"
"1170","DeAndre Washington","SD",3,5,23,0,0,2016,15," Oak"
"1171","Chris Thompson","Car",3,2,10,0,0,2016,15," Was"
"1172","Thomas Rawls","LA",3,21,34,0,0,2016,15," Sea"
"1173","Rashad Jennings","Det",3,18,38,0,0,2016,15," NYG"
"1174","Ronnie Hillman","Oak",3,7,34,0,0,2016,15," SD"
"1175","Todd Gurley","Sea",3,14,38,0,0,2016,15," LA"
"1176","Kenneth Farrow","Oak",3,15,39,0,0,2016,15," SD"
"1177","Fozzy Whittaker","Was",2,3,3,0,0,2016,15," Car"
"1178","Byron Marshall","Bal",2,9,22,0,0,2016,15," Phi"
"1179","MarQueis Gray","NYJ",2,0,0,0,0,2016,15," Mia"
"1180","Matt Forte","Mia",2,4,21,0,0,2016,15," NYJ"
"1181","Lance Dunbar","TB",2,0,0,0,0,2016,15," Dal"
"1182","Isaiah Crowell","Buf",2,8,28,0,0,2016,15," Cle"
"1183","Devontae Booker","NE",2,6,17,0,0,2016,15," Den"
"1184","Kenjon Barner","Bal",2,3,6,0,0,2016,15," Phi"
"1185","Matt Asiata","Ind",2,0,0,0,0,2016,15," Min"
"1186","Jonathan Williams","Cle",1,3,10,0,0,2016,15," Buf"
"1187","Dan Vitale","Buf",1,0,0,0,0,2016,15," Cle"
"1188","Shane Vereen","Det",1,2,11,0,0,2016,15," NYG"
"1189","Jordan Todman","Min",1,4,19,0,0,2016,15," Ind"
"1190","Charles Sims","Dal",1,3,4,0,0,2016,15," TB"
"1191","Adrian Peterson","Ind",1,6,22,0,0,2016,15," Min"
"1192","Jamize Olawale","SD",1,0,0,0,0,2016,15," Oak"
"1193","Darren McFadden","TB",1,3,10,0,0,2016,15," Dal"
"1194","Jeremy Langford","GB",1,1,4,0,0,2016,15," Chi"
"1195","Kyle Juszczyk","Phi",1,0,0,0,0,2016,15," Bal"
"1196","Akeem Hunt","Jax",1,3,15,0,0,2016,15," Hou"
"1197","Jonathan Grimes","Jax",1,1,3,0,0,2016,15," Hou"
"1198","Jerome Felton","Cle",1,0,0,0,0,2016,15," Buf"
"1199","Shaun Draughn","Atl",1,4,15,0,0,2016,15," SF"
"1200","Kenyan Drake","NYJ",1,5,16,0,0,2016,15," Mia"
"1201","James Develin","Den",1,0,0,0,0,2016,15," NE"
"1202","Malcolm Brown","Sea",1,1,-4,0,0,2016,15," LA"
"1203","Damien Williams","NYJ",0,3,0,0,0,2016,15," Mia"
"1204","Charcandrick West","Ten",0,4,5,0,0,2016,15," KC"
"1205","De'Anthony Thomas","Ten",0,1,4,0,0,2016,15," KC"
"1206","John Kuhn","Ari",0,1,1,0,0,2016,15," NO"
"1207","Jalston Fowler","KC",0,1,3,0,0,2016,15," Ten"
"1208","Josh Ferguson","Min",0,2,1,0,0,2016,15," Ind"
"1209","Andre Ellington","NO",0,0,0,0,0,2016,15," Ari"
"1210","Ka'Deem Carey","GB",0,1,1,0,0,2016,15," Chi"
"1211","Alfred Blue","Jax",0,1,1,0,0,2016,15," Hou"
"1212","David Johnson","Sea",30,28,95,3,0,2016,16," Ari"
"1213","Jay Ajayi","Buf",26,32,206,1,0,2016,16," Mia"
"1214","Le'Veon Bell","Bal",25,20,122,1,0,2016,16," Pit"
"1215","Mark Ingram","TB",23,18,90,2,1,2016,16," NO"
"1216","DeAndre Washington","Ind",22,12,99,2,0,2016,16," Oak"
"1217","Ezekiel Elliott","Det",21,12,80,2,0,2016,16," Dal"
"1218","Zach Zenner","Dal",20,12,67,2,0,2016,16," Det"
"1219","LeSean McCoy","Mia",19,24,128,1,0,2016,16," Buf"
"1220","Tevin Coleman","Car",19,9,90,1,0,2016,16," Atl"
"1221","Isaiah Crowell","SD",17,16,54,2,0,2016,16," Cle"
"1222","LeGarrette Blount","NYJ",17,20,50,2,0,2016,16," NE"
"1223","Chris Thompson","Chi",15,3,20,1,0,2016,16," Was"
"1224","Chris Ivory","Ten",15,14,45,1,0,2016,16," Jax"
"1225","Todd Gurley","SF",14,23,67,1,0,2016,16," LA"
"1226","Mack Brown","Chi",14,8,82,1,0,2016,16," Was"
"1227","Alfred Blue","Cin",14,21,73,1,0,2016,16," Hou"
"1228","Jacquizz Rodgers","NO",13,15,63,1,0,2016,16," TB"
"1229","Jalen Richard","Ind",13,6,66,0,0,2016,16," Oak"
"1230","Darren Sproles","NYG",12,7,40,1,0,2016,16," Phi"
"1231","Jordan Howard","Was",11,18,119,0,0,2016,16," Chi"
"1232","Kenyan Drake","Buf",11,4,56,1,0,2016,16," Mia"
"1233","James White","NYJ",10,1,14,0,0,2016,16," NE"
"1234","Carlos Hyde","LA",10,13,38,0,0,2016,16," SF"
"1235","Mike Gillislee","Mia",9,11,91,0,0,2016,16," Buf"
"1236","Spencer Ware","Den",8,13,62,0,0,2016,16," KC"
"1237","Robert Turbin","Oak",8,6,18,0,0,2016,16," Ind"
"1238","Jerick McKinnon","GB",8,11,50,0,0,2016,16," Min"
"1239","Kyle Juszczyk","Pit",8,2,15,1,0,2016,16," Bal"
"1240","Devonta Freeman","Car",8,13,53,0,0,2016,16," Atl"
"1241","Bilal Powell","NE",7,15,60,0,0,2016,16," NYJ"
"1242","Jeremy Langford","Was",7,7,19,1,0,2016,16," Chi"
"1243","Rob Kelley","Chi",7,19,76,0,0,2016,16," Was"
"1244","Frank Gore","Oak",7,13,72,0,0,2016,16," Ind"
"1245","Justin Forsett","KC",7,5,11,1,0,2016,16," Den"
"1246","Travaris Cadet","TB",7,0,0,0,0,2016,16," NO"
"1247","Paul Perkins","Phi",6,15,68,0,0,2016,16," NYG"
"1248","Rex Burkhead","Hou",6,12,42,0,0,2016,16," Cin"
"1249","Matt Asiata","GB",6,6,34,0,0,2016,16," Min"
"1250","Damien Williams","Buf",5,0,0,0,0,2016,16," Mia"
"1251","Jonathan Stewart","Atl",5,11,50,0,0,2016,16," Car"
"1252","Latavius Murray","Ind",5,15,40,0,0,2016,16," Oak"
"1253","DeMarco Murray","Jax",5,14,42,0,0,2016,16," Ten"
"1254","Ryan Mathews","NYG",5,18,46,0,0,2016,16," Phi"
"1255","Dion Lewis","NYJ",5,16,52,0,0,2016,16," NE"
"1256","Shaun Draughn","LA",5,10,17,0,0,2016,16," SF"
"1257","Kenneth Dixon","Pit",5,12,57,0,0,2016,16," Bal"
"1258","Devontae Booker","KC",5,5,27,0,0,2016,16," Den"
"1259","Fozzy Whittaker","Atl",4,3,30,0,0,2016,16," Car"
"1260","Terrance West","Pit",4,10,27,0,0,2016,16," Bal"
"1261","Charles Sims","NO",4,3,12,0,0,2016,16," TB"
"1262","Darren McFadden","Det",4,14,49,0,0,2016,16," Dal"
"1263","Duke Johnson","SD",4,7,28,0,0,2016,16," Cle"
"1264","Rashad Jennings","Phi",4,9,44,0,0,2016,16," NYG"
"1265","Kenneth Farrow","Cle",4,9,28,0,0,2016,16," SD"
"1266","Charcandrick West","Den",3,14,35,0,0,2016,16," KC"
"1267","Tim Hightower","TB",3,8,29,0,0,2016,16," NO"
"1268","Derrick Henry","Jax",3,4,13,0,0,2016,16," Ten"
"1269","Alex Collins","Ari",3,7,28,0,0,2016,16," Sea"
"1270","Dwayne Washington","Dal",2,7,22,0,0,2016,16," Det"
"1271","Akeem Hunt","Cin",2,1,6,0,0,2016,16," Hou"
"1272","MarQueis Gray","Buf",2,0,0,0,0,2016,16," Mia"
"1273","Corey Grant","Ten",2,9,27,0,0,2016,16," Jax"
"1274","Brandon Wilds","NE",1,4,14,0,0,2016,16," NYJ"
"1275","Derek Watt","Cle",1,0,0,0,0,2016,16," SD"
"1276","Dan Vitale","SD",1,0,0,0,0,2016,16," Cle"
"1277","Juwan Thompson","KC",1,3,19,0,0,2016,16," Den"
"1278","Khiry Robinson","NE",1,8,22,0,0,2016,16," NYJ"
"1279","Bobby Rainey","Phi",1,0,0,0,0,2016,16," NYG"
"1280","DuJuan Harris","LA",1,0,0,0,0,2016,16," SF"
"1281","Jerome Felton","Mia",1,1,1,0,0,2016,16," Buf"
"1282","T.J. Yeldon","Ten",0,2,5,0,0,2016,16," Jax"
"1283","Kerwynn Williams","Sea",0,0,0,0,0,2016,16," Ari"
"1284","Mike Tolbert","Atl",0,1,3,0,0,2016,16," Car"
"1285","Thomas Rawls","Ari",0,8,8,0,0,2016,16," Sea"
"1286","Jay Prosch","Cin",0,1,5,0,0,2016,16," Hou"
"1287","Christine Michael","Min",0,4,4,0,0,2016,16," GB"
"1288","John Kuhn","TB",0,1,3,0,0,2016,16," NO"
"1289","Ronnie Hillman","Cle",0,9,6,0,0,2016,16," SD"
"1290","Jeremy Hill","Hou",0,7,8,0,0,2016,16," Cin"
"1291","Patrick DiMarco","Car",0,0,0,0,0,2016,16," Atl"
"1292","James Develin","NYJ",0,0,0,0,0,2016,16," NE"
"1293","Reggie Bush","Mia",0,1,-8,0,0,2016,16," Buf"
"1294","Malcolm Brown","SF",0,1,2,0,0,2016,16," LA"
"1295","Rex Burkhead","Bal",25,27,119,2,0,2016,17," Cin"
"1296","Devonta Freeman","NO",23,12,96,1,0,2016,17," Atl"
"1297","Charcandrick West","SD",22,16,58,0,0,2016,17," KC"
"1298","Jerick McKinnon","Chi",22,16,89,1,0,2016,17," Min"
"1299","Shaun Draughn","Sea",22,21,41,2,0,2016,17," SF"
"1300","Devontae Booker","Oak",22,14,57,1,0,2016,17," Den"
"1301","DeAngelo Williams","Cle",20,23,67,1,0,2016,17," Pit"
"1302","Bilal Powell","Buf",19,22,122,0,0,2016,17," NYJ"
"1303","Corey Grant","Ind",19,18,122,1,0,2016,17," Jax"
"1304","Mark Ingram","Atl",18,20,103,1,0,2016,17," NO"
"1305","Zach Zenner","GB",16,20,69,1,0,2016,17," Det"
"1306","Isaiah Crowell","Pit",15,19,152,0,0,2016,17," Cle"
"1307","Aaron Ripkowski","Det",13,9,61,0,0,2016,17," GB"
"1308","Jordan Howard","Min",13,23,135,0,0,2016,17," Chi"
"1309","Kerwynn Williams","LA",12,12,60,1,0,2016,17," Ari"
"1310","Jonathan Stewart","TB",12,20,65,1,0,2016,17," Car"
"1311","Derrick Henry","Hou",12,15,65,1,0,2016,17," Ten"
"1312","Rashad Jennings","Was",11,18,52,1,0,2016,17," NYG"
"1313","Mike Gillislee","NYJ",11,15,40,1,0,2016,17," Buf"
"1314","Kenneth Dixon","Cin",11,10,44,1,0,2016,17," Bal"
"1315","Tevin Coleman","NO",11,8,44,0,0,2016,17," Atl"
"1316","LeGarrette Blount","Mia",11,14,51,1,0,2016,17," NE"
"1317","Paul Perkins","Was",10,21,102,0,0,2016,17," NYG"
"1318","Ronnie Hillman","KC",9,7,41,0,0,2016,17," SD"
"1319","Justin Forsett","Oak",9,22,90,0,0,2016,17," Den"
"1320","George Atkinson III","Pit",9,7,34,1,0,2016,17," Cle"
"1321","Andre Williams","KC",8,18,87,0,0,2016,17," SD"
"1322","Terrell Watson","Dal",8,9,28,1,0,2016,17," Phi"
"1323","Robert Turbin","Jax",8,3,15,1,0,2016,17," Ind"
"1324","Tim Hightower","Atl",8,3,29,1,0,2016,17," NO"
"1325","Jacquizz Rodgers","Car",7,17,75,0,0,2016,17," TB"
"1326","Thomas Rawls","SF",7,8,14,1,0,2016,17," Sea"
"1327","Todd Gurley","Ari",7,14,40,0,0,2016,17," LA"
"1328","Frank Gore","Jax",7,16,62,0,0,2016,17," Ind"
"1329","Travaris Cadet","Atl",7,0,0,0,0,2016,17," NO"
"1330","Jay Ajayi","NE",7,16,59,0,0,2016,17," Mia"
"1331","DeAndre Washington","Den",5,7,43,0,0,2016,17," Oak"
"1332","Jeremy Langford","Min",5,10,26,0,0,2016,17," Chi"
"1333","Alex Collins","SF",5,7,55,0,0,2016,17," Sea"
"1334","Byron Marshall","Dal",4,10,42,0,0,2016,17," Phi"
"1335","Dion Lewis","Mia",4,11,48,0,0,2016,17," NE"
"1336","Jonathan Grimes","Ten",4,8,16,0,0,2016,17," Hou"
"1337","Matt Asiata","Chi",4,8,14,0,0,2016,17," Min"
"1338","Fitzgerald Toussaint","Cle",3,3,14,0,0,2016,17," Pit"
"1339","Chris Thompson","NYG",3,3,5,0,0,2016,17," Was"
"1340","Darren Sproles","Dal",3,9,32,0,0,2016,17," Phi"
"1341","Darren McFadden","Phi",3,7,28,0,0,2016,17," Dal"
"1342","Rob Kelley","NYG",3,12,33,0,0,2016,17," Was"
"1343","David Johnson","LA",3,5,6,0,0,2016,17," Ari"
"1344","Lance Dunbar","Phi",3,3,20,0,0,2016,17," Dal"
"1345","Alfred Blue","Ten",3,11,28,0,0,2016,17," Hou"
"1346","Brandon Wilds","Buf",2,4,9,0,0,2016,17," NYJ"
"1347","James White","Mia",2,2,9,0,0,2016,17," NE"
"1348","Terrance West","Cin",2,5,18,0,0,2016,17," Bal"
"1349","Mike Tolbert","TB",2,3,24,0,0,2016,17," Car"
"1350","Latavius Murray","Den",2,5,11,0,0,2016,17," Oak"
"1351","DeMarco Murray","Hou",2,11,21,0,0,2016,17," Ten"
"1352","Damien Williams","NE",1,2,5,0,0,2016,17," Mia"
"1353","Cedric Peerman","Bal",1,6,15,0,0,2016,17," Cin"
"1354","Jamize Olawale","Den",1,0,0,0,0,2016,17," Oak"
"1355","Alfred Morris","Phi",1,8,12,0,0,2016,17," Dal"
"1356","Christine Michael","Det",1,3,6,0,0,2016,17," GB"
"1357","LeSean McCoy","NYJ",1,5,10,0,0,2016,17," Buf"
"1358","Bronson Hill","Ind",1,2,11,0,0,2016,17," Jax"
"1359","Andre Ellington","LA",1,7,18,0,0,2016,17," Ari"
"1360","Kenyan Drake","NE",1,4,10,0,0,2016,17," Mia"
"1361","Malcolm Brown","Ari",1,5,11,0,0,2016,17," LA"
"1362","Peyton Barber","Car",1,5,19,0,0,2016,17," TB"
"1363","Jonathan Williams","NYJ",0,4,11,0,0,2016,17," Buf"
"1364","Fozzy Whittaker","TB",0,4,9,0,0,2016,17," Car"
"1365","Dan Vitale","Pit",0,0,0,0,0,2016,17," Cle"
"1366","Juwan Thompson","Oak",0,2,1,0,0,2016,17," Den"
"1367","Anthony Sherman","SD",0,0,0,0,0,2016,17," KC"
"1368","Jalen Richard","Den",0,3,3,0,0,2016,17," Oak"
"1369","Chase Reynolds","Ari",0,0,0,0,0,2016,17," LA"
"1370","Bobby Rainey","Was",0,0,0,0,0,2016,17," NYG"
"1371","Roosevelt Nix","Cle",0,0,0,0,0,2016,17," Pit"
"1372","Raheem Mostert","Sea",0,1,6,0,0,2016,17," SF"
"1373","Joe Kerridge","Det",0,1,0,0,0,2016,17," GB"
"1374","Kyle Juszczyk","Cin",0,0,0,0,0,2016,17," Bal"
"1375","Duke Johnson","Pit",0,1,4,0,0,2016,17," Cle"
"1376","Jerome Felton","NYJ",0,1,0,0,0,2016,17," Buf"
"1377","Knile Davis","SD",0,6,9,0,0,2016,17," KC"
"1378","Brandon Burks","Buf",0,2,-4,0,0,2016,17," NYJ"
"1379","Joe Banyard","Ind",0,2,7,0,0,2016,17," Jax"
"1380","DuJuan Harris","Sea",-1,4,-1,0,0,2016,17," SF"
