"","Player","Opp","Pts.","rec_Rec","rec_Yds","rec_TD","recPt.2","year","week","team"
"1","Jack Doyle","Det",15,3,35,2,0,2016,1," Ind"
"2","Dwayne Allen","Det",13,4,53,1,1,2016,1," Ind"
"3","Julius Thomas","GB",12,5,64,1,0,2016,1," Jax"
"4","Eric Ebron","Ind",10,5,46,1,0,2016,1," Det"
"5","Austin Seferian-Jenkins","Atl",9,1,30,1,0,2016,1," TB"
"6","Greg Olsen","Den",7,7,73,0,0,2016,1," Car"
"7","Vance McDonald","LA",7,2,14,1,0,2016,1," SF"
"8","Travis Kelce","SD",7,6,74,0,0,2016,1," KC"
"9","Larry Donnell","Dal",7,1,15,1,0,2016,1," NYG"
"10","Jason Witten","NYG",6,9,66,0,0,2016,1," Dal"
"11","Kyle Rudolph","Ten",6,4,65,0,0,2016,1," Min"
"12","Jordan Reed","Pit",6,7,64,0,0,2016,1," Was"
"13","Brandon Myers","Atl",6,1,4,1,0,2016,1," TB"
"14","C.J. Uzomah","NYJ",5,2,59,0,0,2016,1," Cin"
"15","Jacob Tamme","TB",5,6,51,0,0,2016,1," Atl"
"16","Zach Ertz","Cle",5,6,58,0,0,2016,1," Phi"
"17","Delanie Walker","Min",4,3,42,0,0,2016,1," Ten"
"18","Marcedes Lewis","GB",4,2,48,0,0,2016,1," Jax"
"19","Jermaine Gresham","NE",4,4,41,0,0,2016,1," Ari"
"20","Charles Clay","Bal",4,2,40,0,0,2016,1," Buf"
"21","Dennis Pitta","Buf",3,3,39,0,0,2016,1," Bal"
"22","Jesse James","Was",3,5,31,0,0,2016,1," Pit"
"23","Cameron Brate","Atl",3,3,30,0,0,2016,1," TB"
"24","Luke Willson","Mia",2,2,26,0,0,2016,1," Sea"
"25","Clive Walford","NO",2,3,25,0,0,2016,1," Oak"
"26","Geoff Swaim","NYG",2,1,21,0,0,2016,1," Dal"
"27","Richard Rodgers","Jax",2,1,22,0,0,2016,1," GB"
"28","Hunter Henry","KC",2,1,20,0,0,2016,1," SD"
"29","Demetrius Harris","SD",2,2,20,0,0,2016,1," KC"
"30","Virgil Green","Car",2,4,28,0,0,2016,1," Den"
"31","Antonio Gates","KC",2,3,20,0,0,2016,1," SD"
"32","Vernon Davis","Pit",2,1,20,0,0,2016,1," Was"
"33","Stephen Anderson","Chi",2,3,25,0,0,2016,1," Hou"
"34","Will Tye","Dal",1,3,16,0,0,2016,1," NYG"
"35","Zach Miller","Hou",1,3,14,0,0,2016,1," Chi"
"36","Lance Kendricks","SF",1,2,15,0,0,2016,1," LA"
"37","Austin Hooper","TB",1,1,14,0,0,2016,1," Atl"
"38","Ryan Griffin","Chi",1,2,17,0,0,2016,1," Hou"
"39","Jimmy Graham","Mia",1,1,11,0,0,2016,1," Sea"
"40","Garrett Celek","LA",1,1,15,0,0,2016,1," SF"
"41","Brent Celek","Cle",1,1,11,0,0,2016,1," Phi"
"42","Martellus Bennett","Ari",1,3,14,0,0,2016,1," NE"
"43","Cole Wick","Ind",0,1,5,0,0,2016,1," Det"
"44","Malcolm Johnson","Phi",0,2,9,0,0,2016,1," Cle"
"45","Tyler Higbee","SF",0,1,2,0,0,2016,1," LA"
"46","Crockett Gillmore","Buf",0,1,5,0,0,2016,1," Bal"
"47","Coby Fleener","Oak",0,1,6,0,0,2016,1," NO"
"48","C.J. Fiedorowicz","Chi",0,1,6,0,0,2016,1," Hou"
"49","Jared Cook","Jax",0,1,7,0,0,2016,1," GB"
"50","Jordan Cameron","Sea",0,2,6,0,0,2016,1," Mia"
"51","Greg Olsen","SF",18,5,122,1,0,2016,2," Car"
"52","Martellus Bennett","Mia",17,5,114,1,0,2016,2," NE"
"53","Delanie Walker","Det",14,6,83,1,0,2016,2," Ten"
"54","Jacob Tamme","Oak",13,5,75,1,0,2016,2," Atl"
"55","Vance McDonald","Car",13,1,75,1,0,2016,2," SF"
"56","Clive Walford","Atl",11,6,50,1,0,2016,2," Oak"
"57","Dennis Pitta","Cle",10,9,102,0,0,2016,2," Bal"
"58","Jordan Cameron","NE",10,5,49,1,0,2016,2," Mia"
"59","Trey Burton","Chi",10,5,49,1,0,2016,2," Phi"
"60","Kyle Rudolph","GB",9,3,31,1,0,2016,2," Min"
"61","Jesse James","Cin",8,3,29,1,0,2016,2," Pit"
"62","Austin Hooper","Oak",8,3,84,0,0,2016,2," Atl"
"63","Xavier Grimble","Cin",8,2,26,1,0,2016,2," Pit"
"64","Julius Thomas","SD",7,4,71,0,0,2016,2," Jax"
"65","Jordan Reed","Dal",7,5,70,0,0,2016,2," Was"
"66","Marcedes Lewis","SD",7,2,17,1,0,2016,2," Jax"
"67","Antonio Gates","Jax",7,3,15,1,0,2016,2," SD"
"68","Lance Kendricks","Sea",6,4,61,0,0,2016,2," LA"
"69","Jason Witten","Was",5,3,51,0,0,2016,2," Dal"
"70","Eric Ebron","Ten",5,4,53,0,0,2016,2," Det"
"71","Vernon Davis","Dal",5,5,51,0,0,2016,2," Was"
"72","Virgil Green","Ind",4,3,46,0,0,2016,2," Den"
"73","Jimmy Graham","LA",4,3,42,0,0,2016,2," Sea"
"74","Zach Miller","Phi",3,4,33,0,0,2016,2," Chi"
"75","Tyler Kroft","Pit",3,3,35,0,0,2016,2," Cin"
"76","Travis Kelce","Hou",3,5,34,0,0,2016,2," KC"
"77","Darren Fells","TB",3,4,31,0,0,2016,2," Ari"
"78","Jack Doyle","Den",3,4,37,0,0,2016,2," Ind"
"79","Jared Cook","Min",3,4,31,0,0,2016,2," GB"
"80","Gary Barnidge","Bal",3,4,37,0,0,2016,2," Cle"
"81","Levine Toilolo","Oak",2,2,21,0,0,2016,2," Atl"
"82","Geoff Swaim","Was",2,2,29,0,0,2016,2," Dal"
"83","Lee Smith","Atl",2,4,24,0,0,2016,2," Oak"
"84","Dion Sims","NE",2,1,21,0,0,2016,2," Mia"
"85","Richard Rodgers","Min",2,2,25,0,0,2016,2," GB"
"86","Crockett Gillmore","Cle",2,1,22,0,0,2016,2," Bal"
"87","Coby Fleener","NYG",2,2,29,0,0,2016,2," NO"
"88","Larry Donnell","NO",2,4,24,0,0,2016,2," NYG"
"89","Charles Clay","NYJ",2,5,27,0,0,2016,2," Buf"
"90","Dwayne Allen","Den",2,2,25,0,0,2016,2," Ind"
"91","Will Tye","NO",1,2,10,0,0,2016,2," NYG"
"92","Austin Seferian-Jenkins","Ari",1,2,14,0,0,2016,2," TB"
"93","Garrett Celek","Car",1,1,12,0,0,2016,2," SF"
"94","Cameron Brate","Ari",1,3,16,0,0,2016,2," TB"
"95","Stephen Anderson","KC",1,2,15,0,0,2016,2," Hou"
"96","Luke Willson","LA",0,1,6,0,0,2016,2," Sea"
"97","C.J. Uzomah","Pit",0,3,9,0,0,2016,2," Cin"
"98","Phillip Supernaw","Det",0,1,7,0,0,2016,2," Ten"
"99","David Johnson","Cin",0,1,5,0,0,2016,2," Pit"
"100","Ryan Griffin","KC",0,1,5,0,0,2016,2," Hou"
"101","C.J. Fiedorowicz","KC",0,1,1,0,0,2016,2," Hou"
"102","Anthony Fasano","Det",0,1,1,0,0,2016,2," Ten"
"103","Blake Bell","Car",0,1,6,0,0,2016,2," SF"
"104","Zach Miller","Dal",19,8,78,2,0,2016,3," Chi"
"105","Coby Fleener","Atl",16,7,109,1,0,2016,3," NO"
"106","Cameron Brate","LA",16,5,46,2,0,2016,3," TB"
"107","Jimmy Graham","SF",15,6,100,1,0,2016,3," Sea"
"108","Travis Kelce","NYJ",14,6,89,1,0,2016,3," KC"
"109","Kyle Rudolph","Car",13,7,70,1,0,2016,3," Min"
"110","Gary Barnidge","Mia",8,5,66,0,1,2016,3," Cle"
"111","Richard Rodgers","Det",6,2,9,1,0,2016,3," GB"
"112","John Phillips","Cin",6,2,9,1,0,2016,3," Den"
"113","Greg Olsen","Min",6,6,64,0,0,2016,3," Car"
"114","Hunter Henry","Ind",6,5,72,0,0,2016,3," SD"
"115","Eric Ebron","GB",6,5,69,0,0,2016,3," Det"
"116","Jack Doyle","SD",6,6,65,0,0,2016,3," Ind"
"117","Brent Celek","Pit",6,3,61,0,0,2016,3," Phi"
"118","Jordan Reed","NYG",5,4,56,0,0,2016,3," Was"
"119","Ryan Griffin","NE",5,8,52,0,0,2016,3," Hou"
"120","Jace Amaro","Oak",5,3,59,0,0,2016,3," Ten"
"121","Dion Sims","Cle",4,4,46,0,0,2016,3," Mia"
"122","Dennis Pitta","Jax",4,6,42,0,0,2016,3," Bal"
"123","C.J. Uzomah","Den",3,2,31,0,0,2016,3," Cin"
"124","Dwayne Allen","SD",3,3,35,0,0,2016,3," Ind"
"125","Jason Witten","Chi",2,2,25,0,0,2016,3," Dal"
"126","Clive Walford","Ten",2,2,27,0,0,2016,3," Oak"
"127","Jacob Tamme","NO",2,3,28,0,0,2016,3," Atl"
"128","Nick O'Leary","Ari",2,1,28,0,0,2016,3," Buf"
"129","Marcedes Lewis","Bal",2,3,20,0,0,2016,3," Jax"
"130","Jeff Heuerman","Cin",2,1,29,0,0,2016,3," Den"
"131","Ed Dickson","Min",2,1,23,0,0,2016,3," Car"
"132","Garrett Celek","Sea",2,3,25,0,0,2016,3," SF"
"133","Cole Wick","GB",1,1,13,0,0,2016,3," Det"
"134","Will Tye","Was",1,3,14,0,0,2016,3," NYG"
"135","Ross Travis","NYJ",1,2,10,0,0,2016,3," KC"
"136","Julius Thomas","Bal",1,2,13,0,0,2016,3," Jax"
"137","Justin Perillo","Det",1,1,13,0,0,2016,3," GB"
"138","Sean McGrath","Ind",1,1,13,0,0,2016,3," SD"
"139","Jesse James","Phi",1,2,10,0,0,2016,3," Pit"
"140","Demetrius Harris","NYJ",1,2,14,0,0,2016,3," KC"
"141","Darren Fells","Buf",1,2,15,0,0,2016,3," Ari"
"142","Rhett Ellison","Car",1,1,18,0,0,2016,3," Min"
"143","Larry Donnell","Was",1,3,11,0,0,2016,3," NYG"
"144","Jared Cook","Det",1,1,15,0,0,2016,3," GB"
"145","Trey Burton","Pit",1,2,19,0,0,2016,3," Phi"
"146","Martellus Bennett","Hou",1,2,10,0,0,2016,3," NE"
"147","Luke Willson","SF",0,2,9,0,0,2016,3," Sea"
"148","Lee Smith","Ten",0,1,4,0,0,2016,3," Oak"
"149","Troy Niklas","Buf",0,1,0,0,0,2016,3," Ari"
"150","Brandon Myers","LA",0,1,7,0,0,2016,3," TB"
"151","Vance McDonald","Sea",0,2,4,0,0,2016,3," SF"
"152","Malcolm Johnson","Mia",0,1,3,0,0,2016,3," Cle"
"153","Jordan Cameron","Cle",0,1,5,0,0,2016,3," Mia"
"154","Jordan Reed","Cle",19,9,73,2,0,2016,4," Was"
"155","Greg Olsen","Atl",15,6,76,1,1,2016,4," Car"
"156","Hunter Henry","NO",12,4,61,1,0,2016,4," SD"
"157","Kyle Rudolph","NYG",11,5,55,1,0,2016,4," Min"
"158","Jimmy Graham","NYJ",11,6,113,0,0,2016,4," Sea"
"159","Austin Hooper","Car",10,1,42,1,0,2016,4," Atl"
"160","C.J. Fiedorowicz","Ten",10,4,48,1,0,2016,4," Hou"
"161","Martellus Bennett","Buf",10,5,109,0,0,2016,4," NE"
"162","Zach Miller","Det",9,3,31,1,0,2016,4," Chi"
"163","Travis Kelce","Pit",8,5,23,1,0,2016,4," KC"
"164","Jesse James","KC",7,2,15,1,0,2016,4," Pit"
"165","Garrett Celek","Dal",7,5,79,0,0,2016,4," SF"
"166","Jacob Tamme","Car",6,2,3,1,0,2016,4," Atl"
"167","Cameron Brate","Den",6,5,67,0,0,2016,4," TB"
"168","Lance Kendricks","Ari",5,5,52,0,0,2016,4," LA"
"169","Ryan Griffin","Ten",5,3,54,0,0,2016,4," Hou"
"170","Gary Barnidge","Was",5,7,57,0,0,2016,4," Cle"
"171","Jason Witten","SF",4,7,47,0,0,2016,4," Dal"
"172","C.J. Uzomah","Mia",4,4,45,0,0,2016,4," Cin"
"173","Will Tye","Min",4,4,43,0,0,2016,4," NYG"
"174","Eric Ebron","Chi",4,4,42,0,0,2016,4," Det"
"175","Charles Clay","NE",4,5,47,0,0,2016,4," Buf"
"176","Delanie Walker","Hou",3,2,34,0,0,2016,4," Ten"
"177","Clive Walford","Bal",2,2,23,0,0,2016,4," Oak"
"178","Nick O'Leary","NE",2,2,20,0,0,2016,4," Buf"
"179","David Johnson","KC",2,1,26,0,0,2016,4," Pit"
"180","Dwayne Allen","Jax",2,2,20,0,0,2016,4," Ind"
"181","Dennis Pitta","Oak",1,3,17,0,0,2016,4," Bal"
"182","Logan Paulsen","Det",1,2,10,0,0,2016,4," Chi"
"183","Marcedes Lewis","Ind",1,1,12,0,0,2016,4," Jax"
"184","Jeff Heuerman","TB",1,1,19,0,0,2016,4," Den"
"185","Demetrius Harris","Pit",1,1,12,0,0,2016,4," KC"
"186","Rob Gronkowski","Buf",1,1,11,0,0,2016,4," NE"
"187","Xavier Grimble","KC",1,1,19,0,0,2016,4," Pit"
"188","Crockett Gillmore","Oak",1,2,16,0,0,2016,4," Bal"
"189","Coby Fleener","SD",1,3,19,0,0,2016,4," NO"
"190","Ed Dickson","Atl",1,2,17,0,0,2016,4," Car"
"191","Lee Smith","Bal",0,1,1,0,0,2016,4," Oak"
"192","Dion Sims","Cin",0,1,9,0,0,2016,4," Mia"
"193","Mychal Rivera","Bal",0,1,1,0,0,2016,4," Oak"
"194","MyCole Pruitt","NYG",0,1,7,0,0,2016,4," Min"
"195","Malcolm Johnson","Was",0,1,11,0,0,2016,4," Cle"
"196","Darren Fells","LA",0,2,7,0,0,2016,4," Ari"
"197","Rhett Ellison","NYG",0,1,2,0,0,2016,4," Min"
"198","Jack Doyle","Jax",0,1,6,0,0,2016,4," Ind"
"199","Vernon Davis","Cle",0,1,8,0,0,2016,4," Was"
"200","Martellus Bennett","Cle",24,6,67,3,0,2016,5," NE"
"201","Greg Olsen","TB",18,9,181,0,0,2016,5," Car"
"202","Hunter Henry","Oak",13,3,74,1,0,2016,5," SD"
"203","Delanie Walker","Mia",12,5,66,1,0,2016,5," Ten"
"204","Dwayne Allen","Chi",11,6,50,1,0,2016,5," Ind"
"205","Jesse James","NYJ",10,6,43,1,0,2016,5," Pit"
"206","Rob Gronkowski","Cle",10,5,109,0,0,2016,5," NE"
"207","Crockett Gillmore","Was",8,4,28,1,0,2016,5," Bal"
"208","Antonio Gates","Oak",8,4,30,1,0,2016,5," SD"
"209","Zach Miller","Ind",7,7,73,0,0,2016,5," Chi"
"210","Connor Hamlett","NE",7,1,17,1,0,2016,5," Cle"
"211","Charles Clay","LA",7,5,73,0,0,2016,5," Buf"
"212","Gary Barnidge","NE",7,5,76,0,0,2016,5," Cle"
"213","C.J. Fiedorowicz","Min",6,4,61,0,0,2016,5," Hou"
"214","Jordan Reed","Bal",5,8,53,0,0,2016,5," Was"
"215","Dennis Pitta","Was",5,7,59,0,0,2016,5," Bal"
"216","Jason Witten","Cin",4,3,43,0,0,2016,5," Dal"
"217","C.J. Uzomah","Dal",4,5,43,0,0,2016,5," Cin"
"218","Will Tye","GB",3,2,37,0,0,2016,5," NYG"
"219","Zach Ertz","Det",3,3,37,0,0,2016,5," Phi"
"220","Cameron Brate","Car",3,1,38,0,0,2016,5," TB"
"221","Tyler Kroft","Dal",2,3,29,0,0,2016,5," Cin"
"222","Lance Kendricks","Buf",2,2,24,0,0,2016,5," LA"
"223","Jerell Adams","GB",2,2,27,0,0,2016,5," NYG"
"224","Austin Seferian-Jenkins","Pit",1,2,17,0,0,2016,5," NYJ"
"225","Kyle Rudolph","Hou",1,2,15,0,0,2016,5," Min"
"226","Brandon Myers","Car",1,1,12,0,0,2016,5," TB"
"227","Austin Hooper","Den",1,1,14,0,0,2016,5," Atl"
"228","Xavier Grimble","NYJ",1,2,13,0,0,2016,5," Pit"
"229","Anthony Fasano","Mia",1,1,10,0,0,2016,5," Ten"
"230","Vernon Davis","Bal",1,3,15,0,0,2016,5," Was"
"231","Jacob Tamme","Den",0,1,1,0,0,2016,5," Atl"
"232","Dion Sims","Ten",0,1,6,0,0,2016,5," Mia"
"233","Richard Rodgers","NYG",0,1,6,0,0,2016,5," GB"
"234","Dominique Jones","Ten",0,2,4,0,0,2016,5," Mia"
"235","Ryan Griffin","Min",0,2,8,0,0,2016,5," Hou"
"236","Jermaine Gresham","SF",0,1,4,0,0,2016,5," Ari"
"237","Jack Doyle","Chi",0,2,8,0,0,2016,5," Ind"
"238","Alan Cross","Car",0,1,5,0,0,2016,5," TB"
"239","Garrett Celek","Ari",0,1,4,0,0,2016,5," SF"
"240","Trey Burton","Det",0,1,5,0,0,2016,5," Phi"
"241","Brandon Bostick","Pit",0,1,9,0,0,2016,5," NYJ"
"242","Blake Bell","Ari",0,1,4,0,0,2016,5," SF"
"243","Rob Gronkowski","Cin",22,7,162,1,0,2016,6," NE"
"244","Coby Fleener","Car",19,6,74,1,0,2016,6," NO"
"245","Hunter Henry","Den",14,6,83,1,0,2016,6," SD"
"246","C.J. Fiedorowicz","Ind",14,6,85,1,0,2016,6," Hou"
"247","Levine Toilolo","Sea",12,3,69,1,0,2016,6," Atl"
"248","Jack Doyle","Hou",11,4,53,1,0,2016,6," Ind"
"249","Vernon Davis","Phi",11,2,50,1,0,2016,6," Was"
"250","Greg Olsen","NO",9,6,94,0,0,2016,6," Car"
"251","Lance Kendricks","Det",9,5,34,1,0,2016,6," LA"
"252","Josh Hill","Car",8,2,23,1,0,2016,6," NO"
"253","Jimmy Graham","Atl",8,6,89,0,0,2016,6," Sea"
"254","Ed Dickson","NO",8,3,23,1,0,2016,6," Car"
"255","Anthony Fasano","Cle",7,1,15,1,0,2016,6," Ten"
"256","Charles Clay","SF",5,5,52,0,0,2016,6," Buf"
"257","Gary Barnidge","Ten",5,3,59,0,0,2016,6," Cle"
"258","Jason Witten","GB",4,4,42,0,0,2016,6," Dal"
"259","Erik Swoope","Hou",4,2,42,0,0,2016,6," Ind"
"260","Martellus Bennett","Cin",4,5,48,0,0,2016,6," NE"
"261","Dennis Pitta","NYG",3,6,36,0,0,2016,6," Bal"
"262","John Phillips","SD",3,3,31,0,0,2016,6," Den"
"263","Zach Miller","Jax",3,6,36,0,0,2016,6," Chi"
"264","Travis Kelce","Oak",3,3,32,0,0,2016,6," KC"
"265","Ryan Griffin","Ind",3,3,31,0,0,2016,6," Hou"
"266","Larry Donnell","Bal",3,6,34,0,0,2016,6," NYG"
"267","Delanie Walker","Cle",2,1,21,0,0,2016,6," Ten"
"268","Clive Walford","KC",2,2,25,0,0,2016,6," Oak"
"269","Julius Thomas","Chi",2,2,28,0,0,2016,6," Jax"
"270","Phillip Supernaw","Cle",2,2,25,0,0,2016,6," Ten"
"271","Nick O'Leary","SF",2,2,29,0,0,2016,6," Buf"
"272","Vance McDonald","Buf",2,2,25,0,0,2016,6," SF"
"273","Virgil Green","SD",2,3,21,0,0,2016,6," Den"
"274","Zach Ertz","Was",2,1,22,0,0,2016,6," Phi"
"275","Will Tye","Bal",1,2,15,0,0,2016,6," NYG"
"276","Jacob Tamme","Sea",1,2,16,0,0,2016,6," Atl"
"277","Dion Sims","Pit",1,1,12,0,0,2016,6," Mia"
"278","Richard Rodgers","Dal",1,2,15,0,0,2016,6," GB"
"279","Mychal Rivera","KC",1,1,16,0,0,2016,6," Oak"
"280","Tyler Kroft","NE",1,2,19,0,0,2016,6," Cin"
"281","Jesse James","Mia",1,2,13,0,0,2016,6," Pit"
"282","Demetrius Harris","Oak",1,1,11,0,0,2016,6," KC"
"283","Xavier Grimble","Mia",1,1,11,0,0,2016,6," Pit"
"284","Jermaine Gresham","NYJ",1,1,14,0,0,2016,6," Ari"
"285","Antonio Gates","Den",1,2,16,0,0,2016,6," SD"
"286","Luke Willson","Atl",0,1,9,0,0,2016,6," Sea"
"287","C.J. Uzomah","NE",0,1,6,0,0,2016,6," Cin"
"288","Justin Perillo","Dal",0,1,4,0,0,2016,6," GB"
"289","Dominique Jones","Pit",0,1,8,0,0,2016,6," Mia"
"290","Clay Harbor","LA",0,1,3,0,0,2016,6," Det"
"291","Darren Fells","NYJ",0,1,8,0,0,2016,6," Ari"
"292","Trey Burton","Was",0,1,7,0,0,2016,6," Phi"
"293","Dwayne Allen","Hou",0,1,9,0,0,2016,6," Ind"
"294","Rob Gronkowski","Pit",15,4,93,1,0,2016,7," NE"
"295","Delanie Walker","Ind",14,7,84,1,0,2016,7," Ten"
"296","Jack Doyle","Ten",13,9,78,1,0,2016,7," Ind"
"297","Julius Thomas","Oak",8,3,20,1,0,2016,7," Jax"
"298","Jacob Tamme","SD",7,1,17,1,0,2016,7," Atl"
"299","Vernon Davis","Det",7,6,79,0,0,2016,7," Was"
"300","Gary Barnidge","Cin",6,6,66,0,0,2016,7," Cle"
"301","Erik Swoope","Ten",5,2,51,0,0,2016,7," Ind"
"302","Kyle Rudolph","Phi",5,5,55,0,0,2016,7," Min"
"303","Ifeanyi Momah","Sea",5,2,50,0,0,2016,7," Ari"
"304","Lance Kendricks","NYG",5,7,55,0,0,2016,7," LA"
"305","Jimmy Graham","Ari",5,5,53,0,0,2016,7," Sea"
"306","Dennis Pitta","NYJ",4,4,40,0,0,2016,7," Bal"
"307","Zach Miller","GB",4,2,40,0,0,2016,7," Chi"
"308","Coby Fleener","KC",4,2,44,0,0,2016,7," NO"
"309","Antonio Gates","Atl",3,5,38,0,0,2016,7," SD"
"310","C.J. Fiedorowicz","Den",3,5,35,0,0,2016,7," Hou"
"311","Vance McDonald","TB",2,1,24,0,0,2016,7," SF"
"312","Travis Kelce","NO",2,2,24,0,0,2016,7," KC"
"313","Malcolm Johnson","Cin",2,1,21,0,0,2016,7," Cle"
"314","Charles Clay","Mia",2,2,29,0,0,2016,7," Buf"
"315","Cameron Brate","SF",2,3,29,0,0,2016,7," TB"
"316","Will Tye","LA",1,2,14,0,0,2016,7," NYG"
"317","Mychal Rivera","Jax",1,1,13,0,0,2016,7," Oak"
"318","Marcedes Lewis","Oak",1,1,11,0,0,2016,7," Jax"
"319","Jesse James","NE",1,2,18,0,0,2016,7," Pit"
"320","Hunter Henry","Atl",1,1,16,0,0,2016,7," SD"
"321","Demetrius Harris","NO",1,1,10,0,0,2016,7," KC"
"322","Clay Harbor","Was",1,2,16,0,0,2016,7," Det"
"323","Xavier Grimble","NE",1,2,14,0,0,2016,7," Pit"
"324","Ryan Griffin","Den",1,2,13,0,0,2016,7," Hou"
"325","Jermaine Gresham","Sea",1,2,15,0,0,2016,7," Ari"
"326","Anthony Fasano","Ind",1,1,10,0,0,2016,7," Ten"
"327","Zach Ertz","Min",1,1,14,0,0,2016,7," Phi"
"328","Clive Walford","Jax",0,1,5,0,0,2016,7," Oak"
"329","Levine Toilolo","SD",0,1,5,0,0,2016,7," Atl"
"330","Richard Rodgers","Chi",0,1,7,0,0,2016,7," GB"
"331","Nick O'Leary","Mia",0,1,7,0,0,2016,7," Buf"
"332","Tyler Kroft","Cle",0,1,3,0,0,2016,7," Cin"
"333","David Johnson","NE",0,1,5,0,0,2016,7," Pit"
"334","Josh Hill","KC",0,1,6,0,0,2016,7," NO"
"335","Tyler Higbee","NYG",0,1,4,0,0,2016,7," LA"
"336","Tyler Eifert","Cle",0,1,9,0,0,2016,7," Cin"
"337","Garrett Celek","TB",0,1,4,0,0,2016,7," SF"
"338","Brent Celek","Min",0,1,7,0,0,2016,7," Phi"
"339","Martellus Bennett","Pit",0,1,5,0,0,2016,7," NE"
"340","Jerell Adams","LA",0,1,5,0,0,2016,7," NYG"
"341","Larry Donnell","LA",-1,1,8,0,0,2016,7," NYG"
"342","Travis Kelce","Ind",16,7,101,1,0,2016,8," KC"
"343","Rob Gronkowski","Buf",16,5,109,1,0,2016,8," NE"
"344","Tyler Eifert","Was",16,9,102,1,0,2016,8," Cin"
"345","Jordan Reed","Cin",15,9,99,1,0,2016,8," Was"
"346","C.J. Fiedorowicz","Det",10,5,43,1,0,2016,8," Hou"
"347","Mychal Rivera","TB",9,3,36,1,0,2016,8," Oak"
"348","Antonio Gates","Den",9,4,33,1,0,2016,8," SD"
"349","Vernon Davis","Cin",9,5,93,0,0,2016,8," Was"
"350","Julius Thomas","Ten",8,3,28,1,0,2016,8," Jax"
"351","Zach Miller","Min",8,7,88,0,0,2016,8," Chi"
"352","Cameron Brate","Oak",8,3,22,1,0,2016,8," TB"
"353","Jason Witten","Phi",7,2,16,1,0,2016,8," Dal"
"354","Delanie Walker","Jax",7,4,75,0,0,2016,8," Ten"
"355","Eric Ebron","Hou",7,7,79,0,0,2016,8," Det"
"356","Virgil Green","SD",5,4,55,0,0,2016,8," Den"
"357","Ben Koyack","Ten",4,5,41,0,0,2016,8," Jax"
"358","Austin Hooper","GB",4,5,41,0,0,2016,8," Atl"
"359","Gary Barnidge","NYJ",4,3,42,0,0,2016,8," Cle"
"360","Clive Walford","TB",3,3,31,0,0,2016,8," Oak"
"361","Erik Swoope","KC",3,2,30,0,0,2016,8," Ind"
"362","Phillip Supernaw","Jax",3,1,30,0,0,2016,8," Ten"
"363","Kyle Rudolph","Chi",3,5,31,0,0,2016,8," Min"
"364","Nick O'Leary","NE",3,1,10,0,1,2016,8," Buf"
"365","Ryan Griffin","Det",3,3,34,0,0,2016,8," Hou"
"366","Jermaine Gresham","Car",3,3,32,0,0,2016,8," Ari"
"367","Jimmy Graham","NO",3,3,34,0,0,2016,8," Sea"
"368","Coby Fleener","Sea",3,4,36,0,0,2016,8," NO"
"369","Jack Doyle","KC",3,2,36,0,0,2016,8," Ind"
"370","Martellus Bennett","Buf",3,4,35,0,0,2016,8," NE"
"371","Marcedes Lewis","Ten",2,4,23,0,0,2016,8," Jax"
"372","Jacob Tamme","GB",1,2,19,0,0,2016,8," Atl"
"373","Greg Olsen","Ari",1,1,11,0,0,2016,8," Car"
"374","Hunter Henry","Den",1,2,14,0,0,2016,8," SD"
"375","Demetrius Harris","Ind",1,3,13,0,0,2016,8," KC"
"376","Zach Ertz","Dal",1,4,19,0,0,2016,8," Phi"
"377","Stephen Anderson","Det",1,2,17,0,0,2016,8," Hou"
"378","Nick Vannett","NO",0,1,7,0,0,2016,8," Sea"
"379","Geoff Swaim","Phi",0,1,8,0,0,2016,8," Dal"
"380","Luke Stocker","Oak",0,2,8,0,0,2016,8," TB"
"381","Logan Paulsen","Min",0,1,5,0,0,2016,8," Chi"
"382","Tyler Kroft","Was",0,1,6,0,0,2016,8," Cin"
"383","Josh Hill","Sea",0,1,3,0,0,2016,8," NO"
"384","Charles Clay","NE",0,2,6,0,0,2016,8," Buf"
"385","Trey Burton","Dal",0,1,6,0,0,2016,8," Phi"
"386","Ben Braunecker","Min",0,1,8,0,0,2016,8," Chi"
"387","Brandon Bostick","Cle",0,1,4,0,0,2016,8," NYJ"
"388","Jimmy Graham","Buf",22,8,103,2,0,2016,9," Sea"
"389","Jason Witten","Cle",19,8,134,1,0,2016,9," Dal"
"390","Vance McDonald","NO",14,3,84,1,0,2016,9," SF"
"391","Antonio Gates","Ten",13,5,75,1,0,2016,9," SD"
"392","Greg Olsen","LA",11,5,52,1,0,2016,9," Car"
"393","Delanie Walker","SD",10,5,42,1,0,2016,9," Ten"
"394","Dominique Jones","NYJ",10,3,42,1,0,2016,9," Mia"
"395","Austin Hooper","TB",10,3,46,1,0,2016,9," Atl"
"396","Cameron Brate","Atl",10,5,43,1,0,2016,9," TB"
"397","Levine Toilolo","TB",9,1,32,1,0,2016,9," Atl"
"398","Lance Kendricks","Car",9,7,90,0,0,2016,9," LA"
"399","Zach Ertz","NYG",9,8,97,0,0,2016,9," Phi"
"400","Eric Ebron","Min",9,7,92,0,0,2016,9," Det"
"401","Garrett Celek","NO",7,4,76,0,0,2016,9," SF"
"402","Kyle Rudolph","Det",6,1,1,1,0,2016,9," Min"
"403","Richard Rodgers","Ind",6,6,64,0,0,2016,9," GB"
"404","Gavin Escobar","Cle",6,1,2,1,0,2016,9," Dal"
"405","Rhett Ellison","Det",6,1,4,0,0,2016,9," Min"
"406","Jack Doyle","GB",6,5,61,0,0,2016,9," Ind"
"407","Travis Kelce","Jax",5,5,58,0,0,2016,9," KC"
"408","Trey Burton","NYG",5,3,55,0,0,2016,9," Phi"
"409","Josh Hill","SF",4,4,40,0,0,2016,9," NO"
"410","Coby Fleener","SF",4,3,42,0,0,2016,9," NO"
"411","Will Tye","Phi",3,4,33,0,0,2016,9," NYG"
"412","Tyler Higbee","Car",3,1,31,0,0,2016,9," LA"
"413","Virgil Green","Oak",3,2,37,0,0,2016,9," Den"
"414","Julius Thomas","KC",2,2,21,0,0,2016,9," Jax"
"415","Brandon Myers","Atl",2,0,0,0,1,2016,9," TB"
"416","Marcedes Lewis","KC",2,2,23,0,0,2016,9," Jax"
"417","Gary Barnidge","Dal",2,3,23,0,0,2016,9," Cle"
"418","Jerell Adams","Phi",2,3,24,0,0,2016,9," NYG"
"419","Brandon Williams","Buf",1,1,16,0,0,2016,9," Sea"
"420","Clive Walford","Den",1,2,13,0,0,2016,9," Oak"
"421","Geoff Swaim","Cle",1,2,11,0,0,2016,9," Dal"
"422","Dennis Pitta","Pit",1,2,14,0,0,2016,9," Bal"
"423","Justin Perillo","Ind",1,2,18,0,0,2016,9," GB"
"424","David Johnson","Bal",1,1,15,0,0,2016,9," Pit"
"425","Jesse James","Bal",1,2,13,0,0,2016,9," Pit"
"426","Xavier Grimble","Bal",1,1,10,0,0,2016,9," Pit"
"427","Ed Dickson","LA",1,2,17,0,0,2016,9," Car"
"428","Dwayne Allen","GB",1,1,15,0,0,2016,9," Ind"
"429","Erik Swoope","GB",0,1,7,0,0,2016,9," Ind"
"430","Mychal Rivera","Den",0,1,6,0,0,2016,9," Oak"
"431","James O'Shaughnessy","Jax",0,1,0,0,0,2016,9," KC"
"432","Anthony Fasano","SD",0,1,9,0,0,2016,9," Ten"
"433","Charles Clay","Sea",0,3,9,0,0,2016,9," Buf"
"434","Delanie Walker","GB",18,9,124,1,0,2016,10," Ten"
"435","Cameron Brate","Chi",14,7,84,1,0,2016,10," TB"
"436","Kyle Rudolph","Was",12,5,69,1,0,2016,10," Min"
"437","Antonio Gates","Mia",12,4,63,1,0,2016,10," SD"
"438","Vernon Davis","Min",12,3,66,1,0,2016,10," Was"
"439","Martellus Bennett","Sea",10,7,102,0,0,2016,10," NE"
"440","Tyler Eifert","NYG",9,3,96,0,0,2016,10," Cin"
"441","Julius Thomas","Hou",8,6,24,1,0,2016,10," Jax"
"442","Hunter Henry","Mia",7,2,11,1,0,2016,10," SD"
"443","Jerell Adams","Cin",7,3,18,1,0,2016,10," NYG"
"444","Ryan Griffin","Jax",6,3,7,1,0,2016,10," Hou"
"445","Anthony Fasano","GB",6,1,9,1,0,2016,10," Ten"
"446","Stephen Anderson","Jax",6,1,7,1,0,2016,10," Hou"
"447","Jason Witten","Pit",5,6,59,0,0,2016,10," Dal"
"448","Will Tye","Cin",5,5,53,0,0,2016,10," NYG"
"449","Vance McDonald","Ari",5,4,50,0,0,2016,10," SF"
"450","Travis Kelce","Car",5,3,31,0,1,2016,10," KC"
"451","Jesse James","Dal",5,4,59,0,0,2016,10," Pit"
"452","Rob Gronkowski","Sea",5,3,56,0,0,2016,10," NE"
"453","Zach Ertz","Atl",5,6,55,0,0,2016,10," Phi"
"454","Jordan Reed","Min",4,2,41,0,0,2016,10," Was"
"455","Jimmy Graham","NE",4,4,48,0,0,2016,10," Sea"
"456","Greg Olsen","KC",3,5,39,0,0,2016,10," Car"
"457","Zach Miller","TB",3,4,32,0,0,2016,10," Chi"
"458","Ben Koyack","Hou",3,3,35,0,0,2016,10," Jax"
"459","Jermaine Gresham","SF",3,4,38,0,0,2016,10," Ari"
"460","Ladarius Green","Dal",3,3,30,0,0,2016,10," Pit"
"461","Richard Rodgers","Ten",2,4,27,0,0,2016,10," GB"
"462","Dennis Pitta","Cle",2,6,26,0,0,2016,10," Bal"
"463","Virgil Green","NO",2,2,24,0,0,2016,10," Den"
"464","Coby Fleener","Den",2,2,26,0,0,2016,10," NO"
"465","C.J. Fiedorowicz","Jax",2,3,26,0,0,2016,10," Hou"
"466","Ed Dickson","KC",2,1,26,0,0,2016,10," Car"
"467","A.J. Derby","NO",2,2,22,0,0,2016,10," Den"
"468","Luke Stocker","Chi",1,1,11,0,0,2016,10," TB"
"469","Sean McGrath","Mia",1,1,12,0,0,2016,10," SD"
"470","Ross Travis","Car",0,1,5,0,0,2016,10," KC"
"471","Randall Telfer","Bal",0,1,-3,0,0,2016,10," Cle"
"472","Brandon Myers","Chi",0,1,6,0,0,2016,10," TB"
"473","Marcedes Lewis","Hou",0,3,-1,0,0,2016,10," Jax"
"474","Lance Kendricks","NYJ",0,1,0,0,0,2016,10," LA"
"475","David Johnson","Dal",0,1,2,0,0,2016,10," Pit"
"476","Austin Hooper","Phi",0,1,8,0,0,2016,10," Atl"
"477","Xavier Grimble","Dal",0,1,5,0,0,2016,10," Pit"
"478","Rhett Ellison","Was",0,2,8,0,0,2016,10," Min"
"479","Brent Celek","Atl",0,1,9,0,0,2016,10," Phi"
"480","Gary Barnidge","Bal",0,1,8,0,0,2016,10," Cle"
"481","Jared Cook","Was",15,6,105,1,0,2016,11," GB"
"482","Eric Ebron","Jax",13,3,70,0,0,2016,11," Det"
"483","Zach Miller","NYG",12,3,61,1,0,2016,11," Chi"
"484","Vance McDonald","NE",10,3,46,1,0,2016,11," SF"
"485","Travis Kelce","TB",10,7,108,0,0,2016,11," KC"
"486","Jimmy Graham","Phi",10,3,46,1,0,2016,11," Sea"
"487","Jermaine Gresham","Min",9,2,33,1,0,2016,11," Ari"
"488","Zach Ertz","Sea",9,6,35,1,0,2016,11," Phi"
"489","C.J. Fiedorowicz","Oak",8,6,82,0,0,2016,11," Hou"
"490","Gary Barnidge","Pit",8,2,23,1,0,2016,11," Cle"
"491","Will Tye","Chi",7,2,12,1,0,2016,11," NYG"
"492","Jordan Reed","GB",7,5,79,0,0,2016,11," Was"
"493","Coby Fleener","Car",7,3,17,1,0,2016,11," NO"
"494","Alan Cross","KC",6,1,3,1,0,2016,11," TB"
"495","Garrett Celek","NE",4,3,41,0,0,2016,11," SF"
"496","Jason Witten","Bal",3,5,37,0,0,2016,11," Dal"
"497","Delanie Walker","Ind",3,4,36,0,0,2016,11," Ten"
"498","Dennis Pitta","Dal",3,3,30,0,0,2016,11," Bal"
"499","Greg Olsen","NO",3,4,33,0,0,2016,11," Car"
"500","Ryan Griffin","Oak",3,3,32,0,0,2016,11," Hou"
"501","Tyler Eifert","Buf",3,3,37,0,0,2016,11," Cin"
"502","Clive Walford","Hou",2,2,28,0,0,2016,11," Oak"
"503","Dion Sims","LA",2,3,20,0,0,2016,11," Mia"
"504","Richard Rodgers","Was",2,4,28,0,0,2016,11," GB"
"505","Lance Kendricks","Mia",2,4,38,0,0,2016,11," LA"
"506","David Johnson","Cle",2,0,0,0,1,2016,11," Pit"
"507","Darren Fells","Min",2,1,22,0,0,2016,11," Ari"
"508","Gavin Escobar","Bal",2,2,21,0,0,2016,11," Dal"
"509","Charles Clay","Cin",2,5,23,0,0,2016,11," Buf"
"510","Luke Willson","Phi",1,1,12,0,0,2016,11," Sea"
"511","Julius Thomas","Det",1,3,12,0,0,2016,11," Jax"
"512","Kyle Rudolph","Ari",1,2,12,0,0,2016,11," Min"
"513","Marcedes Lewis","Det",1,2,16,0,0,2016,11," Jax"
"514","Brent Celek","Sea",1,1,19,0,0,2016,11," Phi"
"515","Trey Burton","Sea",1,1,14,0,0,2016,11," Phi"
"516","Cameron Brate","KC",1,2,18,0,0,2016,11," TB"
"517","Martellus Bennett","SF",1,1,14,0,0,2016,11," NE"
"518","Stephen Anderson","Oak",1,1,14,0,0,2016,11," Hou"
"519","John Phillips","Car",0,1,0,0,0,2016,11," NO"
"520","Jesse James","Cle",0,1,5,0,0,2016,11," Pit"
"521","Tyler Higbee","Mia",0,2,4,0,0,2016,11," LA"
"522","Rhett Ellison","Ari",0,1,-2,0,0,2016,11," Min"
"523","Jack Doyle","Ten",0,1,7,0,0,2016,11," Ind"
"524","Jordan Reed","Dal",21,10,95,2,0,2016,12," Was"
"525","Tyler Eifert","Bal",12,5,68,1,0,2016,12," Cin"
"526","Delanie Walker","Chi",11,3,50,1,0,2016,12," Ten"
"527","Dion Sims","SF",11,4,53,1,0,2016,12," Mia"
"528","Lance Kendricks","NO",11,4,51,1,0,2016,12," LA"
"529","Clive Walford","Car",10,3,43,1,0,2016,12," Oak"
"530","Travis Kelce","Den",10,8,101,0,0,2016,12," KC"
"531","Jermaine Gresham","Atl",9,5,35,1,0,2016,12," Ari"
"532","Hunter Henry","Hou",8,2,20,1,0,2016,12," SD"
"533","Josh Hill","LA",7,6,74,0,0,2016,12," NO"
"534","Kyle Rudolph","Det",6,9,64,0,0,2016,12," Min"
"535","Vance McDonald","Mia",6,4,60,0,0,2016,12," SF"
"536","Ladarius Green","Ind",6,2,67,0,0,2016,12," Pit"
"537","Vernon Davis","Dal",6,5,68,0,0,2016,12," Was"
"538","Garrett Celek","Mia",6,2,19,1,0,2016,12," SF"
"539","Jimmy Graham","TB",5,6,67,0,0,2016,12," Sea"
"540","Coby Fleener","LA",5,4,59,0,0,2016,12," NO"
"541","Greg Olsen","Oak",4,4,45,0,0,2016,12," Car"
"542","C.J. Fiedorowicz","SD",4,4,42,0,0,2016,12," Hou"
"543","A.J. Derby","KC",4,4,43,0,0,2016,12," Den"
"544","Cameron Brate","Sea",4,4,49,0,0,2016,12," TB"
"545","Dwayne Allen","Pit",4,5,49,0,0,2016,12," Ind"
"546","Jason Witten","Was",3,3,33,0,0,2016,12," Dal"
"547","Erik Swoope","Pit",3,1,35,0,0,2016,12," Ind"
"548","Dennis Pitta","Cin",3,3,34,0,0,2016,12," Bal"
"549","Ryan Griffin","SD",3,4,36,0,0,2016,12," Hou"
"550","Zach Ertz","GB",3,3,36,0,0,2016,12," Phi"
"551","Ben Koyack","Buf",2,2,23,0,0,2016,12," Jax"
"552","Demetrius Harris","Den",2,0,0,0,1,2016,12," KC"
"553","Rhett Ellison","Det",2,1,21,0,0,2016,12," Min"
"554","Jack Doyle","Pit",2,2,25,0,0,2016,12," Ind"
"555","Martellus Bennett","NYJ",2,3,22,0,0,2016,12," NE"
"556","Luke Willson","TB",1,1,11,0,0,2016,12," Sea"
"557","Will Tye","Cle",1,2,12,0,0,2016,12," NYG"
"558","Levine Toilolo","Ari",1,1,18,0,0,2016,12," Atl"
"559","Mychal Rivera","Car",1,2,13,0,0,2016,12," Oak"
"560","Alan Cross","Sea",1,1,10,0,0,2016,12," TB"
"561","Charles Clay","Jax",1,2,17,0,0,2016,12," Buf"
"562","Trey Burton","GB",1,3,10,0,0,2016,12," Phi"
"563","Ben Braunecker","Ten",1,1,14,0,0,2016,12," Chi"
"564","Brandon Bostick","NE",1,2,14,0,0,2016,12," NYJ"
"565","Gary Barnidge","NYG",1,1,11,0,0,2016,12," Cle"
"566","Luke Stocker","Sea",0,1,3,0,0,2016,12," TB"
"567","Austin Seferian-Jenkins","NE",0,1,9,0,0,2016,12," NYJ"
"568","James O'Shaughnessy","Den",0,1,-1,0,0,2016,12," KC"
"569","Austin Hooper","Ari",0,2,8,0,0,2016,12," Atl"
"570","Ryan Hewitt","Bal",0,1,5,0,0,2016,12," Cin"
"571","Jared Cook","Phi",0,1,7,0,0,2016,12," GB"
"572","Stephen Anderson","SD",0,1,8,0,0,2016,12," Hou"
"573","Dwayne Allen","NYJ",25,4,72,3,0,2016,13," Ind"
"574","Dennis Pitta","Mia",20,9,90,2,0,2016,13," Bal"
"575","Ladarius Green","NYG",17,6,110,1,0,2016,13," Pit"
"576","Travis Kelce","Atl",14,8,140,0,0,2016,13," KC"
"577","Cameron Brate","SD",14,6,86,1,0,2016,13," TB"
"578","Zach Ertz","Cin",13,9,79,1,0,2016,13," Phi"
"579","Jimmy Graham","Car",12,6,63,1,0,2016,13," Sea"
"580","Ryan Griffin","GB",8,4,35,1,0,2016,13," Hou"
"581","Coby Fleener","Det",8,5,86,0,0,2016,13," NO"
"582","Tyler Eifert","Phi",8,2,25,1,0,2016,13," Cin"
"583","Mychal Rivera","Buf",5,3,57,0,0,2016,13," Oak"
"584","Jermaine Gresham","Was",5,5,52,0,0,2016,13," Ari"
"585","Trey Burton","Cin",5,5,53,0,0,2016,13," Phi"
"586","Levine Toilolo","KC",4,1,42,0,0,2016,13," Atl"
"587","Kyle Rudolph","Dal",4,6,45,0,0,2016,13," Min"
"588","C.J. Fiedorowicz","GB",4,6,44,0,0,2016,13," Hou"
"589","Vernon Davis","Ari",4,5,47,0,0,2016,13," Was"
"590","Dion Sims","Bal",3,3,39,0,0,2016,13," Mia"
"591","Greg Olsen","Sea",3,3,30,0,0,2016,13," Car"
"592","Jesse James","NYG",3,3,32,0,0,2016,13," Pit"
"593","Antonio Gates","TB",3,4,37,0,0,2016,13," SD"
"594","Eric Ebron","NO",3,4,38,0,0,2016,13," Det"
"595","Nick Vannett","Car",2,2,25,0,0,2016,13," Sea"
"596","Will Tye","Pit",2,2,22,0,0,2016,13," NYG"
"597","Austin Seferian-Jenkins","Ind",2,2,29,0,0,2016,13," NYJ"
"598","Jack Doyle","NYJ",2,4,30,0,0,2016,13," Ind"
"599","Nick Boyle","Mia",2,2,24,0,0,2016,13," Bal"
"600","Clive Walford","Buf",1,1,18,0,0,2016,13," Oak"
"601","Erik Swoope","NYJ",1,2,15,0,0,2016,13," Ind"
"602","Richard Rodgers","Hou",1,2,16,0,0,2016,13," GB"
"603","Lance Kendricks","NE",1,2,13,0,0,2016,13," LA"
"604","Tyler Higbee","NE",1,2,16,0,0,2016,13," LA"
"605","Hunter Henry","TB",1,1,14,0,0,2016,13," SD"
"606","Jared Cook","Hou",1,3,19,0,0,2016,13," GB"
"607","Gerald Christian","Oak",1,1,14,0,0,2016,13," Buf"
"608","Brandon Bostick","Ind",1,1,12,0,0,2016,13," NYJ"
"609","Jerell Adams","Pit",1,1,10,0,0,2016,13," NYG"
"610","Nick O'Leary","Oak",0,1,8,0,0,2016,13," Buf"
"611","Vance McDonald","Chi",0,2,9,0,0,2016,13," SF"
"612","Ben Koyack","Den",0,1,4,0,0,2016,13," Jax"
"613","Dominique Jones","Bal",0,1,7,0,0,2016,13," Mia"
"614","Josh Hill","Det",0,1,3,0,0,2016,13," NO"
"615","Demetrius Harris","Atl",0,1,6,0,0,2016,13," KC"
"616","Darren Fells","Was",0,1,9,0,0,2016,13," Ari"
"617","Rhett Ellison","Dal",0,1,6,0,0,2016,13," Min"
"618","A.J. Derby","Jax",0,1,3,0,0,2016,13," Den"
"619","Alan Cross","SD",0,1,8,0,0,2016,13," TB"
"620","Martellus Bennett","LA",0,2,4,0,0,2016,13," NE"
"621","Tyler Eifert","Cle",16,5,48,2,0,2016,14," Cin"
"622","Martellus Bennett","Bal",13,4,70,1,0,2016,14," NE"
"623","Kyle Rudolph","Jax",12,4,60,1,0,2016,14," Min"
"624","Zach Ertz","Was",11,10,112,0,0,2016,14," Phi"
"625","Charles Clay","Pit",11,3,52,1,0,2016,14," Buf"
"626","Travis Kelce","Oak",10,5,101,0,0,2016,14," KC"
"627","Greg Olsen","SD",8,4,87,0,0,2016,14," Car"
"628","Hunter Henry","Car",7,2,13,1,0,2016,14," SD"
"629","Dion Sims","Ari",6,2,9,1,0,2016,14," Mia"
"630","Antonio Gates","Car",6,5,61,0,0,2016,14," SD"
"631","Trey Burton","Was",6,7,65,0,0,2016,14," Phi"
"632","Jack Doyle","Hou",5,5,55,0,0,2016,14," Ind"
"633","Jermaine Gresham","Mia",4,5,45,0,0,2016,14," Ari"
"634","A.J. Derby","Ten",4,5,57,0,0,2016,14," Den"
"635","Cameron Brate","NO",4,4,47,0,0,2016,14," TB"
"636","Delanie Walker","Den",3,2,30,0,0,2016,14," Ten"
"637","Austin Seferian-Jenkins","SF",3,3,35,0,0,2016,14," NYJ"
"638","C.J. Fiedorowicz","Ind",3,3,32,0,0,2016,14," Hou"
"639","Eric Ebron","Chi",3,4,32,0,0,2016,14," Det"
"640","Blake Bell","NYJ",3,1,30,0,0,2016,14," SF"
"641","Jason Witten","NYG",2,4,26,0,0,2016,14," Dal"
"642","Clive Walford","KC",2,2,21,0,0,2016,14," Oak"
"643","Mychal Rivera","KC",2,3,26,0,0,2016,14," Oak"
"644","Ryan Griffin","Ind",2,2,23,0,0,2016,14," Hou"
"645","Ladarius Green","Buf",2,2,25,0,0,2016,14," Pit"
"646","Gary Barnidge","Cin",2,3,27,0,0,2016,14," Cle"
"647","Luke Willson","GB",1,1,11,0,0,2016,14," Sea"
"648","Will Tye","Dal",1,2,19,0,0,2016,14," NYG"
"649","Levine Toilolo","LA",1,1,19,0,0,2016,14," Atl"
"650","Jordan Reed","Phi",1,1,10,0,0,2016,14," Was"
"651","Dennis Pitta","NE",1,4,18,0,0,2016,14," Bal"
"652","Nick O'Leary","Pit",1,1,12,0,0,2016,14," Buf"
"653","Ben Koyack","Min",1,2,19,0,0,2016,14," Jax"
"654","Lance Kendricks","Atl",1,1,13,0,0,2016,14," LA"
"655","David Johnson","Buf",1,1,15,0,0,2016,14," Pit"
"656","Jimmy Graham","GB",1,1,16,0,0,2016,14," Sea"
"657","Darren Fells","Mia",1,1,12,0,0,2016,14," Ari"
"658","Anthony Fasano","Den",1,1,17,0,0,2016,14," Ten"
"659","Jared Cook","Sea",1,1,15,0,0,2016,14," GB"
"660","Nick Boyle","NE",1,3,15,0,0,2016,14," Bal"
"661","Brandon Bostick","SF",1,2,17,0,0,2016,14," NYJ"
"662","Jerell Adams","Dal",1,2,11,0,0,2016,14," NYG"
"663","Randall Telfer","Cin",0,1,7,0,0,2016,14," Cle"
"664","Richard Rodgers","Sea",0,1,8,0,0,2016,14," GB"
"665","John Phillips","TB",0,1,8,0,0,2016,14," NO"
"666","Brandon Myers","NO",0,1,9,0,0,2016,14," TB"
"667","Jesse James","Buf",0,1,5,0,0,2016,14," Pit"
"668","Austin Hooper","LA",0,1,5,0,0,2016,14," Atl"
"669","Tyler Higbee","Atl",0,1,8,0,0,2016,14," LA"
"670","Coby Fleener","TB",0,1,6,0,0,2016,14," NO"
"671","Rhett Ellison","Jax",0,1,0,0,0,2016,14," Min"
"672","Vernon Davis","Phi",0,1,1,0,0,2016,14," Was"
"673","Garrett Celek","NYJ",0,1,5,0,0,2016,14," SF"
"674","Brent Celek","Was",0,2,7,0,0,2016,14," Phi"
"675","Dion Sims","NYJ",15,4,31,2,0,2016,15," Mia"
"676","Charles Clay","Cle",13,7,72,1,0,2016,15," Buf"
"677","Cameron Brate","Dal",13,5,73,1,0,2016,15," TB"
"678","Erik Swoope","Min",11,3,50,1,0,2016,15," Ind"
"679","Kyle Rudolph","Ind",9,8,97,0,0,2016,15," Min"
"680","Hunter Henry","Oak",9,3,37,1,0,2016,15," SD"
"681","Greg Olsen","Was",8,6,85,0,0,2016,15," Car"
"682","Ryan Griffin","Jax",8,8,85,0,0,2016,15," Hou"
"683","Zach Ertz","Bal",8,6,80,0,0,2016,15," Phi"
"684","Jared Cook","Chi",8,6,85,0,0,2016,15," GB"
"685","Garrett Celek","Atl",8,2,22,1,0,2016,15," SF"
"686","Luke Willson","LA",7,3,19,1,0,2016,15," Sea"
"687","Ladarius Green","Cin",7,5,72,0,0,2016,15," Pit"
"688","Austin Hooper","SF",6,1,9,1,0,2016,15," Atl"
"689","Delanie Walker","KC",5,6,55,0,0,2016,15," Ten"
"690","Jason Witten","TB",4,10,51,0,0,2016,15," Dal"
"691","Travis Kelce","Ten",4,3,41,0,0,2016,15," KC"
"692","Jeff Heuerman","NE",4,2,40,0,0,2016,15," Den"
"693","Jermaine Gresham","NO",4,3,42,0,0,2016,15," Ari"
"694","Blake Bell","Atl",4,1,45,0,0,2016,15," SF"
"695","Levine Toilolo","SF",3,1,30,0,0,2016,15," Atl"
"696","Jimmy Graham","LA",3,1,31,0,0,2016,15," Sea"
"697","Eric Ebron","NYG",3,4,36,0,0,2016,15," Det"
"698","Jack Doyle","Min",3,4,32,0,0,2016,15," Ind"
"699","A.J. Derby","NE",3,4,35,0,0,2016,15," Den"
"700","Martellus Bennett","Den",3,2,35,0,0,2016,15," NE"
"701","Gary Barnidge","Buf",3,2,35,0,0,2016,15," Cle"
"702","Will Tye","Det",2,4,25,0,0,2016,15," NYG"
"703","Ed Dickson","Was",2,1,28,0,0,2016,15," Car"
"704","Vernon Davis","Car",2,4,23,0,0,2016,15," Was"
"705","Clive Walford","SD",1,1,13,0,0,2016,15," Oak"
"706","Richard Rodgers","Chi",1,1,10,0,0,2016,15," GB"
"707","Mychal Rivera","SD",1,1,15,0,0,2016,15," Oak"
"708","Dennis Pitta","Phi",1,2,16,0,0,2016,15," Bal"
"709","David Johnson","Cin",1,1,12,0,0,2016,15," Pit"
"710","Tyler Higbee","Sea",1,1,15,0,0,2016,15," LA"
"711","Je'Ron Hamm","Atl",1,2,13,0,0,2016,15," SF"
"712","Antonio Gates","Oak",1,1,11,0,0,2016,15," SD"
"713","Coby Fleener","Ari",1,2,10,0,0,2016,15," NO"
"714","Darren Fells","NO",1,1,13,0,0,2016,15," Ari"
"715","Dwayne Allen","Min",1,1,13,0,0,2016,15," Ind"
"716","Jerell Adams","Det",1,3,18,0,0,2016,15," NYG"
"717","Austin Seferian-Jenkins","Mia",0,1,3,0,0,2016,15," NYJ"
"718","Jordan Reed","Car",0,1,6,0,0,2016,15," Was"
"719","John Phillips","Ari",0,1,9,0,0,2016,15," NO"
"720","Joshua Perkins","SF",0,1,8,0,0,2016,15," Atl"
"721","Ben Koyack","Hou",0,1,2,0,0,2016,15," Jax"
"722","Lance Kendricks","Sea",0,1,5,0,0,2016,15," LA"
"723","Virgil Green","NE",0,1,9,0,0,2016,15," Den"
"724","Alex Ellis","Hou",0,1,1,0,0,2016,15," Jax"
"725","Tyler Eifert","Pit",0,1,9,0,0,2016,15," Cin"
"726","Alan Cross","Dal",0,1,7,0,0,2016,15," TB"
"727","Brent Celek","Bal",0,1,5,0,0,2016,15," Phi"
"728","Trey Burton","Bal",0,2,2,0,0,2016,15," Phi"
"729","Stephen Anderson","Jax",0,1,7,0,0,2016,15," Hou"
"730","Travis Kelce","Den",22,11,160,1,0,2016,16," KC"
"731","Charles Clay","Mia",20,8,85,2,0,2016,16," Buf"
"732","Antonio Gates","Cle",15,8,94,1,0,2016,16," SD"
"733","Jimmy Graham","Ari",10,2,43,1,0,2016,16," Sea"
"734","Jason Witten","Det",9,2,33,1,0,2016,16," Dal"
"735","Joshua Perkins","Car",9,2,34,1,0,2016,16," Atl"
"736","Demetrius Harris","Den",9,6,37,1,0,2016,16," KC"
"737","Eric Ebron","Dal",9,8,93,0,0,2016,16," Det"
"738","Delanie Walker","Jax",8,3,23,1,0,2016,16," Ten"
"739","Clive Walford","Ind",8,2,20,1,0,2016,16," Oak"
"740","Richard Rodgers","Min",8,2,20,1,0,2016,16," GB"
"741","Xavier Grimble","Bal",8,1,20,1,0,2016,16," Pit"
"742","Dennis Pitta","Pit",7,8,75,0,0,2016,16," Bal"
"743","Matt Lengel","NYJ",7,1,18,1,0,2016,16," NE"
"744","Cameron Brate","NO",7,1,12,1,0,2016,16," TB"
"745","Martellus Bennett","NYJ",7,2,19,1,0,2016,16," NE"
"746","D.J. Tialavea","Car",6,1,1,1,0,2016,16," Atl"
"747","Tyler Higbee","SF",6,2,5,1,0,2016,16," LA"
"748","Kyle Rudolph","GB",5,6,53,0,0,2016,16," Min"
"749","Greg Olsen","Atl",5,6,59,0,0,2016,16," Car"
"750","Erik Swoope","Oak",4,1,45,0,0,2016,16," Ind"
"751","Jesse James","Bal",4,4,49,0,0,2016,16," Pit"
"752","Jermaine Gresham","Sea",4,2,40,0,0,2016,16," Ari"
"753","C.J. Fiedorowicz","Cin",4,4,42,0,0,2016,16," Hou"
"754","Jack Doyle","Oak",4,5,46,0,0,2016,16," Ind"
"755","Gary Barnidge","SD",4,5,42,0,0,2016,16," Cle"
"756","Lance Kendricks","SF",3,3,36,0,0,2016,16," LA"
"757","Jeff Heuerman","KC",3,3,32,0,0,2016,16," Den"
"758","Coby Fleener","TB",3,2,30,0,0,2016,16," NO"
"759","Zach Ertz","NYG",3,2,33,0,0,2016,16," Phi"
"760","Jared Cook","Min",3,3,37,0,0,2016,16," GB"
"761","Garrett Celek","LA",3,4,39,0,0,2016,16," SF"
"762","Dwayne Allen","Oak",3,3,31,0,0,2016,16," Ind"
"763","C.J. Uzomah","Hou",2,5,28,0,0,2016,16," Cin"
"764","Will Tye","Phi",2,5,23,0,0,2016,16," NYG"
"765","Brandon Myers","NO",2,2,21,0,0,2016,16," TB"
"766","Brent Celek","NYG",2,3,27,0,0,2016,16," Phi"
"767","Levine Toilolo","Car",1,1,10,0,0,2016,16," Atl"
"768","Dion Sims","Buf",1,2,10,0,0,2016,16," Mia"
"769","Austin Seferian-Jenkins","NE",1,1,17,0,0,2016,16," NYJ"
"770","John Phillips","TB",1,2,15,0,0,2016,16," NO"
"771","Chris Manhertz","Atl",1,1,10,0,0,2016,16," Car"
"772","Henry Krieger Coble","KC",1,1,13,0,0,2016,16," Den"
"773","Ben Koyack","Ten",1,2,12,0,0,2016,16," Jax"
"774","Anthony Fasano","Jax",1,1,12,0,0,2016,16," Ten"
"775","Alex Ellis","Ten",1,2,10,0,0,2016,16," Jax"
"776","Vernon Davis","Chi",1,1,13,0,0,2016,16," Was"
"777","Ben Braunecker","Was",1,2,19,0,0,2016,16," Chi"
"778","Matthew Mulligan","Dal",0,1,8,0,0,2016,16," Det"
"779","David Morgan","GB",0,1,4,0,0,2016,16," Min"
"780","Ryan Hewitt","Hou",0,1,8,0,0,2016,16," Cin"
"781","Alan Cross","NO",0,1,5,0,0,2016,16," TB"
"782","Trey Burton","NYG",0,1,3,0,0,2016,16," Phi"
"783","Nick Boyle","Pit",0,1,5,0,0,2016,16," Bal"
"784","Jerell Adams","Phi",0,1,9,0,0,2016,16," NYG"
"785","Zach Ertz","Dal",25,13,139,2,0,2016,17," Phi"
"786","Kyle Rudolph","Chi",17,11,117,1,0,2016,17," Min"
"787","Antonio Gates","KC",11,5,55,1,0,2016,17," SD"
"788","Hunter Henry","KC",10,4,43,1,0,2016,17," SD"
"789","Gary Barnidge","Pit",10,5,40,1,0,2016,17," Cle"
"790","Jordan Reed","NYG",9,5,40,1,0,2016,17," Was"
"791","Dennis Pitta","Cin",9,11,91,0,0,2016,17," Bal"
"792","Darren Fells","LA",9,1,37,1,0,2016,17," Ari"
"793","Martellus Bennett","Mia",9,3,33,1,0,2016,17," NE"
"794","Dwayne Allen","Jax",9,3,34,1,0,2016,17," Ind"
"795","Luke Willson","SF",8,3,26,1,0,2016,17," Sea"
"796","Ben Koyack","Ind",8,3,25,1,0,2016,17," Jax"
"797","C.J. Uzomah","Bal",7,3,13,1,0,2016,17," Cin"
"798","Virgil Green","Oak",7,3,17,1,0,2016,17," Den"
"799","C.J. Fiedorowicz","Ten",7,2,12,1,0,2016,17," Hou"
"800","Jack Doyle","Jax",7,2,10,1,0,2016,17," Ind"
"801","Jimmy Graham","SF",6,4,64,0,0,2016,17," Sea"
"802","Eric Ebron","GB",6,6,61,0,0,2016,17," Det"
"803","Garrett Celek","Sea",6,1,9,1,0,2016,17," SF"
"804","Jared Cook","Det",5,4,56,0,0,2016,17," GB"
"805","Will Tye","Was",4,4,47,0,0,2016,17," NYG"
"806","Vernon Davis","NYG",4,2,49,0,0,2016,17," Was"
"807","Delanie Walker","Hou",3,5,35,0,0,2016,17," Ten"
"808","Coby Fleener","Atl",3,3,38,0,0,2016,17," NO"
"809","Trey Burton","Dal",3,5,39,0,0,2016,17," Phi"
"810","Brandon Williams","SF",2,1,20,0,0,2016,17," Sea"
"811","Erik Swoope","Jax",2,1,22,0,0,2016,17," Ind"
"812","Greg Olsen","TB",2,3,22,0,0,2016,17," Car"
"813","Jeff Heuerman","Oak",2,2,21,0,0,2016,17," Den"
"814","Charles Clay","NYJ",2,3,20,0,0,2016,17," Buf"
"815","Jason Witten","Phi",1,1,10,0,0,2016,17," Dal"
"816","Clive Walford","Den",1,1,17,0,0,2016,17," Oak"
"817","Levine Toilolo","NO",1,1,18,0,0,2016,17," Atl"
"818","Richard Rodgers","Det",1,1,14,0,0,2016,17," GB"
"819","Lance Kendricks","Ari",1,2,12,0,0,2016,17," LA"
"820","Jesse James","Cle",1,2,16,0,0,2016,17," Pit"
"821","Ryan Griffin","Ten",1,2,10,0,0,2016,17," Hou"
"822","Luke Stocker","Car",0,1,1,0,0,2016,17," TB"
"823","Mychal Rivera","Den",0,2,9,0,0,2016,17," Oak"
"824","MyCole Pruitt","Min",0,1,6,0,0,2016,17," Chi"
"825","Matt Lengel","Mia",0,1,4,0,0,2016,17," NE"
"826","Travis Kelce","SD",0,1,8,0,0,2016,17," KC"
"827","Gavin Escobar","Phi",0,1,7,0,0,2016,17," Dal"
"828","Brent Celek","Dal",0,1,9,0,0,2016,17," Phi"
"829","Brandon Bostick","Buf",0,1,7,0,0,2016,17," NYJ"
